Using Python 3.12.15 environment at: /opt/venv
Resolved 1 package in 20.19s
   Building sageattention @ file:///tmp/qwen-sageattention-20261005
error: Failed to build `sageattention @ file:///tmp/qwen-sageattention-20261005`
  cause: The build backend returned an error
  cause: Call to `setuptools.build_meta.build_wheel` failed (exit status: 1)

         [stdout]
         Target compute capabilities: {'12.0'}
         running bdist_wheel
         running build
         running build_py
         creating build/lib.linux-x86_64-cpython-312/sageattention
         copying sageattention/__init__.py -> build/lib.linux-x86_64-cpython-312/sageattention
         copying sageattention/fa3_wrapper.py -> build/lib.linux-x86_64-cpython-312/sageattention
         copying sageattention/quant.py -> build/lib.linux-x86_64-cpython-312/sageattention
         copying sageattention/sm80_compile.py -> build/lib.linux-x86_64-cpython-312/sageattention
         copying sageattention/sm89_compile.py -> build/lib.linux-x86_64-cpython-312/sageattention
         copying sageattention/sm90_compile.py -> build/lib.linux-x86_64-cpython-312/sageattention
         copying sageattention/core.py -> build/lib.linux-x86_64-cpython-312/sageattention
         creating build/lib.linux-x86_64-cpython-312/sageattention/triton
         copying sageattention/triton/__init__.py -> build/lib.linux-x86_64-cpython-312/sageattention/triton
         copying sageattention/triton/attn_qk_int8_block_varlen.py -> build/lib.linux-x86_64-cpython-312/sageattention/triton
         copying sageattention/triton/attn_qk_int8_per_block.py -> build/lib.linux-x86_64-cpython-312/sageattention/triton
         copying sageattention/triton/attn_qk_int8_per_block_causal.py -> build/lib.linux-x86_64-cpython-312/sageattention/triton
         copying sageattention/triton/attn_qk_int8_per_block_causal_varlen.py -> build/lib.linux-x86_64-cpython-312/sageattention/triton
         copying sageattention/triton/quant_per_block.py -> build/lib.linux-x86_64-cpython-312/sageattention/triton
         copying sageattention/triton/quant_per_block_varlen.py -> build/lib.linux-x86_64-cpython-312/sageattention/triton
         copying sageattention/triton/quant_per_thread.py -> build/lib.linux-x86_64-cpython-312/sageattention/triton
         running build_ext
         building 'sageattention._qattn_sm80' extension
         creating /tmp/qwen-sageattention-20261005/build/temp.linux-x86_64-cpython-312/sageattention._qattn_sm80/csrc/qattn
         building 'sageattention._qattn_sm89' extension
         creating /tmp/qwen-sageattention-20261005/build/temp.linux-x86_64-cpython-312/sageattention._qattn_sm89/csrc/qattn
         [1/8] c++ -MMD -MF /tmp/qwen-sageattention-20261005/build/temp.linux-x86_64-cpython-312/sageattention._qattn_sm89/csrc/qattn/pybind_sm89.o.d -pthread -fno-strict-overflow -Wsign-compare -Wunreachable-code -DNDEBUG -g -O3 -Wall -O3 -fstack-protector -fstack-clash-protection -U_FORTIFY_SOURCE -D_FORTIFY_SOURCE=2 -fno-omit-frame-pointer -mno-omit-leaf-frame-pointer -fPIC -fPIC -I/opt/venv/lib/python3.12/site-packages/torch/include -I/opt/venv/lib/python3.12/site-packages/torch/include/torch/csrc/api/include -I/usr/local/cuda-13.0/include -I/opt/venv/include -I/root/.local/share/uv/python/cpython-3.12.15-linux-x86_64-gnu/include/python3.12 -c -c /tmp/qwen-sageattention-20261005/csrc/qattn/pybind_sm89.cpp -o /tmp/qwen-sageattention-20261005/build/temp.linux-x86_64-cpython-312/sageattention._qattn_sm89/csrc/qattn/pybind_sm89.o -g -O3 -fopenmp -lgomp -std=c++17 -DENABLE_BF16 -D_GLIBCXX_USE_CXX11_ABI=1 -DTORCH_API_INCLUDE_EXTENSION_H -DTORCH_EXTENSION_NAME=_qattn_sm89
         [1/2] c++ -MMD -MF /tmp/qwen-sageattention-20261005/build/temp.linux-x86_64-cpython-312/sageattention._qattn_sm80/csrc/qattn/pybind_sm80.o.d -pthread -fno-strict-overflow -Wsign-compare -Wunreachable-code -DNDEBUG -g -O3 -Wall -O3 -fstack-protector -fstack-clash-protection -U_FORTIFY_SOURCE -D_FORTIFY_SOURCE=2 -fno-omit-frame-pointer -mno-omit-leaf-frame-pointer -fPIC -fPIC -I/opt/venv/lib/python3.12/site-packages/torch/include -I/opt/venv/lib/python3.12/site-packages/torch/include/torch/csrc/api/include -I/usr/local/cuda-13.0/include -I/opt/venv/include -I/root/.local/share/uv/python/cpython-3.12.15-linux-x86_64-gnu/include/python3.12 -c -c /tmp/qwen-sageattention-20261005/csrc/qattn/pybind_sm80.cpp -o /tmp/qwen-sageattention-20261005/build/temp.linux-x86_64-cpython-312/sageattention._qattn_sm80/csrc/qattn/pybind_sm80.o -g -O3 -fopenmp -lgomp -std=c++17 -DENABLE_BF16 -D_GLIBCXX_USE_CXX11_ABI=1 -DTORCH_API_INCLUDE_EXTENSION_H -DTORCH_EXTENSION_NAME=_qattn_sm80
         [2/8] /usr/local/cuda-13.0/bin/nvcc -MD -MF /tmp/qwen-sageattention-20261005/build/temp.linux-x86_64-cpython-312/sageattention._qattn_sm89/csrc/qattn/sm89_qk_int8_sv_f8_accum_f32_attn.o.d -I/opt/venv/lib/python3.12/site-packages/torch/include -I/opt/venv/lib/python3.12/site-packages/torch/include/torch/csrc/api/include -I/usr/local/cuda-13.0/include -I/opt/venv/include -I/root/.local/share/uv/python/cpython-3.12.15-linux-x86_64-gnu/include/python3.12 -c -c /tmp/qwen-sageattention-20261005/csrc/qattn/sm89_qk_int8_sv_f8_accum_f32_attn.cu -o /tmp/qwen-sageattention-20261005/build/temp.linux-x86_64-cpython-312/sageattention._qattn_sm89/csrc/qattn/sm89_qk_int8_sv_f8_accum_f32_attn.o -D__CUDA_NO_HALF_OPERATORS__ -D__CUDA_NO_HALF_CONVERSIONS__ -D__CUDA_NO_BFLOAT16_CONVERSIONS__ -D__CUDA_NO_HALF2_OPERATORS__ --expt-relaxed-constexpr --compiler-options ''"'"'-fPIC'"'"'' -O3 -std=c++17 -U__CUDA_NO_HALF_OPERATORS__ -U__CUDA_NO_HALF_CONVERSIONS__ --use_fast_math --threads=8 -Xptxas=-v -diag-suppress=174 -D_GLIBCXX_USE_CXX11_ABI=1 -gencode arch=compute_120a,code=sm_120a -DTORCH_API_INCLUDE_EXTENSION_H -DTORCH_EXTENSION_NAME=_qattn_sm89
         In file included from /tmp/qwen-sageattention-20261005/csrc/qattn/qk_int_sv_f8_cuda_sm89.cuh:17,
                          from /tmp/qwen-sageattention-20261005/csrc/qattn/sm89_qk_int8_sv_f8_accum_f32_attn.cu:2:
         /tmp/qwen-sageattention-20261005/csrc/qattn/../utils.cuh:36:37: warning: backslash-newline at end of file
            36 | #define CHECK_LASTDIM_CONTIGUOUS(x) \
               |                                      
         In file included from /tmp/qwen-sageattention-20261005/csrc/qattn/qk_int_sv_f8_cuda_sm89.cuh:17,
                          from /tmp/qwen-sageattention-20261005/csrc/qattn/sm89_qk_int8_sv_f8_accum_f32_attn.cu:2:
         /tmp/qwen-sageattention-20261005/csrc/qattn/../utils.cuh:36:37: warning: backslash-newline at end of file
            36 | #define CHECK_LASTDIM_CONTIGUOUS(x) \
               |                                      
         ptxas info    : 28 bytes gmem
         ptxas info    : Compiling entry function '_Z24qk_int_sv_f8_attn_kernelILj128ELj64ELj32ELj64ELj128EL8DataType1EL16QuantGranularity3ELS1_3EfLb0E13__nv_bfloat16L11ComputeUnit1EL8MaskMode0ELb0ELb0ELb0ELb0EEvPaS5_S5_PT9_PfS8_S8_S8_S8_jjjjjjjjjjjjjjjf' for 'sm_120a'
         ptxas info    : Function properties for _Z24qk_int_sv_f8_attn_kernelILj128ELj64ELj32ELj64ELj128EL8DataType1EL16QuantGranularity3ELS1_3EfLb0E13__nv_bfloat16L11ComputeUnit1EL8MaskMode0ELb0ELb0ELb0ELb0EEvPaS5_S5_PT9_PfS8_S8_S8_S8_jjjjjjjjjjjjjjjf
             32 bytes stack frame, 28 bytes spill stores, 28 bytes spill loads
         ptxas info    : Used 255 registers, used 1 barriers, 32 bytes cumulative stack size
         ptxas info    : Compile time = 364.629 ms
         ptxas info    : Compiling entry function '_Z24qk_int_sv_f8_attn_kernelILj128ELj64ELj32ELj64ELj128EL8DataType1EL16QuantGranularity3ELS1_3EfLb0E6__halfL11ComputeUnit1EL8MaskMode0ELb0ELb0ELb0ELb0EEvPaS5_S5_PT9_PfS8_S8_S8_S8_jjjjjjjjjjjjjjjf' for 'sm_120a'
         ptxas info    : Function properties for _Z24qk_int_sv_f8_attn_kernelILj128ELj64ELj32ELj64ELj128EL8DataType1EL16QuantGranularity3ELS1_3EfLb0E6__halfL11ComputeUnit1EL8MaskMode0ELb0ELb0ELb0ELb0EEvPaS5_S5_PT9_PfS8_S8_S8_S8_jjjjjjjjjjjjjjjf
             32 bytes stack frame, 28 bytes spill stores, 28 bytes spill loads
         ptxas info    : Used 255 registers, used 1 barriers, 32 bytes cumulative stack size
         ptxas info    : Compile time = 339.103 ms
         ptxas info    : Compiling entry function '_Z24qk_int_sv_f8_attn_kernelILj128ELj64ELj32ELj64ELj128EL8DataType1EL16QuantGranularity3ELS1_3EfLb0E13__nv_bfloat16L11ComputeUnit1EL8MaskMode0ELb1ELb0ELb0ELb0EEvPaS5_S5_PT9_PfS8_S8_S8_S8_jjjjjjjjjjjjjjjf' for 'sm_120a'
         ptxas info    : Function properties for _Z24qk_int_sv_f8_attn_kernelILj128ELj64ELj32ELj64ELj128EL8DataType1EL16QuantGranularity3ELS1_3EfLb0E13__nv_bfloat16L11ComputeUnit1EL8MaskMode0ELb1ELb0ELb0ELb0EEvPaS5_S5_PT9_PfS8_S8_S8_S8_jjjjjjjjjjjjjjjf
             64 bytes stack frame, 32 bytes spill stores, 32 bytes spill loads
         ptxas info    : Used 255 registers, used 1 barriers, 64 bytes cumulative stack size
         ptxas info    : Compile time = 357.268 ms
         ptxas info    : Compiling entry function '_Z24qk_int_sv_f8_attn_kernelILj128ELj64ELj32ELj64ELj128EL8DataType1EL16QuantGranularity3ELS1_3EfLb0E6__halfL11ComputeUnit1EL8MaskMode0ELb1ELb0ELb0ELb0EEvPaS5_S5_PT9_PfS8_S8_S8_S8_jjjjjjjjjjjjjjjf' for 'sm_120a'
         ptxas info    : Function properties for _Z24qk_int_sv_f8_attn_kernelILj128ELj64ELj32ELj64ELj128EL8DataType1EL16QuantGranularity3ELS1_3EfLb0E6__halfL11ComputeUnit1EL8MaskMode0ELb1ELb0ELb0ELb0EEvPaS5_S5_PT9_PfS8_S8_S8_S8_jjjjjjjjjjjjjjjf
             64 bytes stack frame, 32 bytes spill stores, 32 bytes spill loads
         ptxas info    : Used 255 registers, used 1 barriers, 64 bytes cumulative stack size
         ptxas info    : Compile time = 351.412 ms
         ptxas info    : Compiling entry function '_Z24qk_int_sv_f8_attn_kernelILj128ELj64ELj32ELj64ELj128EL8DataType1EL16QuantGranularity2ELS1_2EfLb0E13__nv_bfloat16L11ComputeUnit1EL8MaskMode0ELb0ELb0ELb0ELb0EEvPaS5_S5_PT9_PfS8_S8_S8_S8_jjjjjjjjjjjjjjjf' for 'sm_120a'
         ptxas info    : Function properties for _Z24qk_int_sv_f8_attn_kernelILj128ELj64ELj32ELj64ELj128EL8DataType1EL16QuantGranularity2ELS1_2EfLb0E13__nv_bfloat16L11ComputeUnit1EL8MaskMode0ELb0ELb0ELb0ELb0EEvPaS5_S5_PT9_PfS8_S8_S8_S8_jjjjjjjjjjjjjjjf
             8 bytes stack frame, 8 bytes spill stores, 8 bytes spill loads
         ptxas info    : Used 255 registers, used 1 barriers, 8 bytes cumulative stack size
         ptxas info    : Compile time = 358.948 ms
         ptxas info    : Compiling entry function '_Z24qk_int_sv_f8_attn_kernelILj128ELj64ELj32ELj64ELj128EL8DataType1EL16QuantGranularity2ELS1_2EfLb0E6__halfL11ComputeUnit1EL8MaskMode0ELb0ELb0ELb0ELb0EEvPaS5_S5_PT9_PfS8_S8_S8_S8_jjjjjjjjjjjjjjjf' for 'sm_120a'
         ptxas info    : Function properties for _Z24qk_int_sv_f8_attn_kernelILj128ELj64ELj32ELj64ELj128EL8DataType1EL16QuantGranularity2ELS1_2EfLb0E6__halfL11ComputeUnit1EL8MaskMode0ELb0ELb0ELb0ELb0EEvPaS5_S5_PT9_PfS8_S8_S8_S8_jjjjjjjjjjjjjjjf
             8 bytes stack frame, 8 bytes spill stores, 8 bytes spill loads
         ptxas info    : Used 255 registers, used 1 barriers, 8 bytes cumulative stack size
         ptxas info    : Compile time = 346.945 ms
         ptxas info    : Compiling entry function '_Z24qk_int_sv_f8_attn_kernelILj128ELj64ELj32ELj64ELj128EL8DataType1EL16QuantGranularity2ELS1_2EfLb0E13__nv_bfloat16L11ComputeUnit1EL8MaskMode0ELb1ELb0ELb0ELb0EEvPaS5_S5_PT9_PfS8_S8_S8_S8_jjjjjjjjjjjjjjjf' for 'sm_120a'
         ptxas info    : Function properties for _Z24qk_int_sv_f8_attn_kernelILj128ELj64ELj32ELj64ELj128EL8DataType1EL16QuantGranularity2ELS1_2EfLb0E13__nv_bfloat16L11ComputeUnit1EL8MaskMode0ELb1ELb0ELb0ELb0EEvPaS5_S5_PT9_PfS8_S8_S8_S8_jjjjjjjjjjjjjjjf
             80 bytes stack frame, 40 bytes spill stores, 40 bytes spill loads
         ptxas info    : Used 255 registers, used 1 barriers, 80 bytes cumulative stack size
         ptxas info    : Compile time = 365.193 ms
         ptxas info    : Compiling entry function '_Z24qk_int_sv_f8_attn_kernelILj128ELj64ELj32ELj64ELj128EL8DataType1EL16QuantGranularity2ELS1_2EfLb0E6__halfL11ComputeUnit1EL8MaskMode0ELb1ELb0ELb0ELb0EEvPaS5_S5_PT9_PfS8_S8_S8_S8_jjjjjjjjjjjjjjjf' for 'sm_120a'
         ptxas info    : Function properties for _Z24qk_int_sv_f8_attn_kernelILj128ELj64ELj32ELj64ELj128EL8DataType1EL16QuantGranularity2ELS1_2EfLb0E6__halfL11ComputeUnit1EL8MaskMode0ELb1ELb0ELb0ELb0EEvPaS5_S5_PT9_PfS8_S8_S8_S8_jjjjjjjjjjjjjjjf
             80 bytes stack frame, 40 bytes spill stores, 40 bytes spill loads
         ptxas info    : Used 255 registers, used 1 barriers, 80 bytes cumulative stack size
         ptxas info    : Compile time = 360.168 ms
         ptxas info    : Compiling entry function '_Z24qk_int_sv_f8_attn_kernelILj128ELj64ELj32ELj64ELj128EL8DataType1EL16QuantGranularity3ELS1_3EfLb0E13__nv_bfloat16L11ComputeUnit1EL8MaskMode1ELb0ELb0ELb0ELb0EEvPaS5_S5_PT9_PfS8_S8_S8_S8_jjjjjjjjjjjjjjjf' for 'sm_120a'
         ptxas info    : Function properties for _Z24qk_int_sv_f8_attn_kernelILj128ELj64ELj32ELj64ELj128EL8DataType1EL16QuantGranularity3ELS1_3EfLb0E13__nv_bfloat16L11ComputeUnit1EL8MaskMode1ELb0ELb0ELb0ELb0EEvPaS5_S5_PT9_PfS8_S8_S8_S8_jjjjjjjjjjjjjjjf
             24 bytes stack frame, 20 bytes spill stores, 20 bytes spill loads
         ptxas info    : Used 255 registers, used 1 barriers, 24 bytes cumulative stack size
         ptxas info    : Compile time = 360.885 ms
         ptxas info    : Compiling entry function '_Z24qk_int_sv_f8_attn_kernelILj128ELj64ELj32ELj64ELj128EL8DataType1EL16QuantGranularity3ELS1_3EfLb0E6__halfL11ComputeUnit1EL8MaskMode1ELb0ELb0ELb0ELb0EEvPaS5_S5_PT9_PfS8_S8_S8_S8_jjjjjjjjjjjjjjjf' for 'sm_120a'
         ptxas info    : Function properties for _Z24qk_int_sv_f8_attn_kernelILj128ELj64ELj32ELj64ELj128EL8DataType1EL16QuantGranularity3ELS1_3EfLb0E6__halfL11ComputeUnit1EL8MaskMode1ELb0ELb0ELb0ELb0EEvPaS5_S5_PT9_PfS8_S8_S8_S8_jjjjjjjjjjjjjjjf
             24 bytes stack frame, 20 bytes spill stores, 20 bytes spill loads
         ptxas info    : Used 255 registers, used 1 barriers, 24 bytes cumulative stack size
         ptxas info    : Compile time = 445.675 ms
         ptxas info    : Compiling entry function '_Z24qk_int_sv_f8_attn_kernelILj128ELj64ELj32ELj64ELj128EL8DataType1EL16QuantGranularity3ELS1_3EfLb0E13__nv_bfloat16L11ComputeUnit1EL8MaskMode1ELb1ELb0ELb0ELb0EEvPaS5_S5_PT9_PfS8_S8_S8_S8_jjjjjjjjjjjjjjjf' for 'sm_120a'
         ptxas info    : Function properties for _Z24qk_int_sv_f8_attn_kernelILj128ELj64ELj32ELj64ELj128EL8DataType1EL16QuantGranularity3ELS1_3EfLb0E13__nv_bfloat16L11ComputeUnit1EL8MaskMode1ELb1ELb0ELb0ELb0EEvPaS5_S5_PT9_PfS8_S8_S8_S8_jjjjjjjjjjjjjjjf
             32 bytes stack frame, 0 bytes spill stores, 0 bytes spill loads
         ptxas info    : Used 255 registers, used 1 barriers, 32 bytes cumulative stack size
         ptxas info    : Compile time = 367.157 ms
         ptxas info    : Compiling entry function '_Z24qk_int_sv_f8_attn_kernelILj128ELj64ELj32ELj64ELj128EL8DataType1EL16QuantGranularity3ELS1_3EfLb0E6__halfL11ComputeUnit1EL8MaskMode1ELb1ELb0ELb0ELb0EEvPaS5_S5_PT9_PfS8_S8_S8_S8_jjjjjjjjjjjjjjjf' for 'sm_120a'
         ptxas info    : Function properties for _Z24qk_int_sv_f8_attn_kernelILj128ELj64ELj32ELj64ELj128EL8DataType1EL16QuantGranularity3ELS1_3EfLb0E6__halfL11ComputeUnit1EL8MaskMode1ELb1ELb0ELb0ELb0EEvPaS5_S5_PT9_PfS8_S8_S8_S8_jjjjjjjjjjjjjjjf
             32 bytes stack frame, 0 bytes spill stores, 0 bytes spill loads
         ptxas info    : Used 255 registers, used 1 barriers, 32 bytes cumulative stack size
         ptxas info    : Compile time = 359.787 ms
         ptxas info    : Compiling entry function '_Z24qk_int_sv_f8_attn_kernelILj128ELj64ELj32ELj64ELj128EL8DataType1EL16QuantGranularity2ELS1_2EfLb0E13__nv_bfloat16L11ComputeUnit1EL8MaskMode1ELb0ELb0ELb0ELb0EEvPaS5_S5_PT9_PfS8_S8_S8_S8_jjjjjjjjjjjjjjjf' for 'sm_120a'
         ptxas info    : Function properties for _Z24qk_int_sv_f8_attn_kernelILj128ELj64ELj32ELj64ELj128EL8DataType1EL16QuantGranularity2ELS1_2EfLb0E13__nv_bfloat16L11ComputeUnit1EL8MaskMode1ELb0ELb0ELb0ELb0EEvPaS5_S5_PT9_PfS8_S8_S8_S8_jjjjjjjjjjjjjjjf
             32 bytes stack frame, 28 bytes spill stores, 28 bytes spill loads
         ptxas info    : Used 255 registers, used 1 barriers, 32 bytes cumulative stack size
         ptxas info    : Compile time = 360.512 ms
         ptxas info    : Compiling entry function '_Z24qk_int_sv_f8_attn_kernelILj128ELj64ELj32ELj64ELj128EL8DataType1EL16QuantGranularity2ELS1_2EfLb0E6__halfL11ComputeUnit1EL8MaskMode1ELb0ELb0ELb0ELb0EEvPaS5_S5_PT9_PfS8_S8_S8_S8_jjjjjjjjjjjjjjjf' for 'sm_120a'
         ptxas info    : Function properties for _Z24qk_int_sv_f8_attn_kernelILj128ELj64ELj32ELj64ELj128EL8DataType1EL16QuantGranularity2ELS1_2EfLb0E6__halfL11ComputeUnit1EL8MaskMode1ELb0ELb0ELb0ELb0EEvPaS5_S5_PT9_PfS8_S8_S8_S8_jjjjjjjjjjjjjjjf
             32 bytes stack frame, 28 bytes spill stores, 28 bytes spill loads
         ptxas info    : Used 255 registers, used 1 barriers, 32 bytes cumulative stack size
         ptxas info    : Compile time = 349.565 ms
         ptxas info    : Compiling entry function '_Z24qk_int_sv_f8_attn_kernelILj128ELj64ELj32ELj64ELj128EL8DataType1EL16QuantGranularity2ELS1_2EfLb0E13__nv_bfloat16L11ComputeUnit1EL8MaskMode1ELb1ELb0ELb0ELb0EEvPaS5_S5_PT9_PfS8_S8_S8_S8_jjjjjjjjjjjjjjjf' for 'sm_120a'
         ptxas info    : Function properties for _Z24qk_int_sv_f8_attn_kernelILj128ELj64ELj32ELj64ELj128EL8DataType1EL16QuantGranularity2ELS1_2EfLb0E13__nv_bfloat16L11ComputeUnit1EL8MaskMode1ELb1ELb0ELb0ELb0EEvPaS5_S5_PT9_PfS8_S8_S8_S8_jjjjjjjjjjjjjjjf
             32 bytes stack frame, 0 bytes spill stores, 0 bytes spill loads
         ptxas info    : Used 255 registers, used 1 barriers, 32 bytes cumulative stack size
         ptxas info    : Compile time = 364.211 ms
         ptxas info    : Compiling entry function '_Z24qk_int_sv_f8_attn_kernelILj128ELj64ELj32ELj64ELj128EL8DataType1EL16QuantGranularity2ELS1_2EfLb0E6__halfL11ComputeUnit1EL8MaskMode1ELb1ELb0ELb0ELb0EEvPaS5_S5_PT9_PfS8_S8_S8_S8_jjjjjjjjjjjjjjjf' for 'sm_120a'
         ptxas info    : Function properties for _Z24qk_int_sv_f8_attn_kernelILj128ELj64ELj32ELj64ELj128EL8DataType1EL16QuantGranularity2ELS1_2EfLb0E6__halfL11ComputeUnit1EL8MaskMode1ELb1ELb0ELb0ELb0EEvPaS5_S5_PT9_PfS8_S8_S8_S8_jjjjjjjjjjjjjjjf
             32 bytes stack frame, 0 bytes spill stores, 0 bytes spill loads
         ptxas info    : Used 255 registers, used 1 barriers, 32 bytes cumulative stack size
         ptxas info    : Compile time = 357.434 ms
         ptxas info    : Compiling entry function '_Z24qk_int_sv_f8_attn_kernelILj128ELj64ELj32ELj64ELj64EL8DataType1EL16QuantGranularity3ELS1_3EfLb0E13__nv_bfloat16L11ComputeUnit1EL8MaskMode0ELb0ELb0ELb0ELb0EEvPaS5_S5_PT9_PfS8_S8_S8_S8_jjjjjjjjjjjjjjjf' for 'sm_120a'
         ptxas info    : Function properties for _Z24qk_int_sv_f8_attn_kernelILj128ELj64ELj32ELj64ELj64EL8DataType1EL16QuantGranularity3ELS1_3EfLb0E13__nv_bfloat16L11ComputeUnit1EL8MaskMode0ELb0ELb0ELb0ELb0EEvPaS5_S5_PT9_PfS8_S8_S8_S8_jjjjjjjjjjjjjjjf
             0 bytes stack frame, 0 bytes spill stores, 0 bytes spill loads
         ptxas info    : Used 211 registers, used 1 barriers
         ptxas info    : Compile time = 159.498 ms
         ptxas info    : Compiling entry function '_Z24qk_int_sv_f8_attn_kernelILj128ELj64ELj32ELj64ELj64EL8DataType1EL16QuantGranularity3ELS1_3EfLb0E6__halfL11ComputeUnit1EL8MaskMode0ELb0ELb0ELb0ELb0EEvPaS5_S5_PT9_PfS8_S8_S8_S8_jjjjjjjjjjjjjjjf' for 'sm_120a'
         ptxas info    : Function properties for _Z24qk_int_sv_f8_attn_kernelILj128ELj64ELj32ELj64ELj64EL8DataType1EL16QuantGranularity3ELS1_3EfLb0E6__halfL11ComputeUnit1EL8MaskMode0ELb0ELb0ELb0ELb0EEvPaS5_S5_PT9_PfS8_S8_S8_S8_jjjjjjjjjjjjjjjf
             0 bytes stack frame, 0 bytes spill stores, 0 bytes spill loads
         ptxas info    : Used 211 registers, used 1 barriers
         ptxas info    : Compile time = 147.606 ms
         ptxas info    : Compiling entry function '_Z24qk_int_sv_f8_attn_kernelILj128ELj64ELj32ELj64ELj64EL8DataType1EL16QuantGranularity3ELS1_3EfLb0E13__nv_bfloat16L11ComputeUnit1EL8MaskMode0ELb1ELb0ELb0ELb0EEvPaS5_S5_PT9_PfS8_S8_S8_S8_jjjjjjjjjjjjjjjf' for 'sm_120a'
         ptxas info    : Function properties for _Z24qk_int_sv_f8_attn_kernelILj128ELj64ELj32ELj64ELj64EL8DataType1EL16QuantGranularity3ELS1_3EfLb0E13__nv_bfloat16L11ComputeUnit1EL8MaskMode0ELb1ELb0ELb0ELb0EEvPaS5_S5_PT9_PfS8_S8_S8_S8_jjjjjjjjjjjjjjjf
             32 bytes stack frame, 0 bytes spill stores, 0 bytes spill loads
         ptxas info    : Used 208 registers, used 1 barriers, 32 bytes cumulative stack size
         ptxas info    : Compile time = 152.439 ms
         ptxas info    : Compiling entry function '_Z24qk_int_sv_f8_attn_kernelILj128ELj64ELj32ELj64ELj64EL8DataType1EL16QuantGranularity3ELS1_3EfLb0E6__halfL11ComputeUnit1EL8MaskMode0ELb1ELb0ELb0ELb0EEvPaS5_S5_PT9_PfS8_S8_S8_S8_jjjjjjjjjjjjjjjf' for 'sm_120a'
         ptxas info    : Function properties for _Z24qk_int_sv_f8_attn_kernelILj128ELj64ELj32ELj64ELj64EL8DataType1EL16QuantGranularity3ELS1_3EfLb0E6__halfL11ComputeUnit1EL8MaskMode0ELb1ELb0ELb0ELb0EEvPaS5_S5_PT9_PfS8_S8_S8_S8_jjjjjjjjjjjjjjjf
             32 bytes stack frame, 0 bytes spill stores, 0 bytes spill loads
         ptxas info    : Used 208 registers, used 1 barriers, 32 bytes cumulative stack size
         ptxas info    : Compile time = 155.300 ms
         ptxas info    : Compiling entry function '_Z24qk_int_sv_f8_attn_kernelILj128ELj64ELj32ELj64ELj64EL8DataType1EL16QuantGranularity2ELS1_2EfLb0E13__nv_bfloat16L11ComputeUnit1EL8MaskMode0ELb0ELb0ELb0ELb0EEvPaS5_S5_PT9_PfS8_S8_S8_S8_jjjjjjjjjjjjjjjf' for 'sm_120a'
         ptxas info    : Function properties for _Z24qk_int_sv_f8_attn_kernelILj128ELj64ELj32ELj64ELj64EL8DataType1EL16QuantGranularity2ELS1_2EfLb0E13__nv_bfloat16L11ComputeUnit1EL8MaskMode0ELb0ELb0ELb0ELb0EEvPaS5_S5_PT9_PfS8_S8_S8_S8_jjjjjjjjjjjjjjjf
             0 bytes stack frame, 0 bytes spill stores, 0 bytes spill loads
         ptxas info    : Used 208 registers, used 1 barriers
         ptxas info    : Compile time = 159.159 ms
         ptxas info    : Compiling entry function '_Z24qk_int_sv_f8_attn_kernelILj128ELj64ELj32ELj64ELj64EL8DataType1EL16QuantGranularity2ELS1_2EfLb0E6__halfL11ComputeUnit1EL8MaskMode0ELb0ELb0ELb0ELb0EEvPaS5_S5_PT9_PfS8_S8_S8_S8_jjjjjjjjjjjjjjjf' for 'sm_120a'
         ptxas info    : Function properties for _Z24qk_int_sv_f8_attn_kernelILj128ELj64ELj32ELj64ELj64EL8DataType1EL16QuantGranularity2ELS1_2EfLb0E6__halfL11ComputeUnit1EL8MaskMode0ELb0ELb0ELb0ELb0EEvPaS5_S5_PT9_PfS8_S8_S8_S8_jjjjjjjjjjjjjjjf
             0 bytes stack frame, 0 bytes spill stores, 0 bytes spill loads
         ptxas info    : Used 208 registers, used 1 barriers
         ptxas info    : Compile time = 148.323 ms
         ptxas info    : Compiling entry function '_Z24qk_int_sv_f8_attn_kernelILj128ELj64ELj32ELj64ELj64EL8DataType1EL16QuantGranularity2ELS1_2EfLb0E13__nv_bfloat16L11ComputeUnit1EL8MaskMode0ELb1ELb0ELb0ELb0EEvPaS5_S5_PT9_PfS8_S8_S8_S8_jjjjjjjjjjjjjjjf' for 'sm_120a'
         ptxas info    : Function properties for _Z24qk_int_sv_f8_attn_kernelILj128ELj64ELj32ELj64ELj64EL8DataType1EL16QuantGranularity2ELS1_2EfLb0E13__nv_bfloat16L11ComputeUnit1EL8MaskMode0ELb1ELb0ELb0ELb0EEvPaS5_S5_PT9_PfS8_S8_S8_S8_jjjjjjjjjjjjjjjf
             32 bytes stack frame, 0 bytes spill stores, 0 bytes spill loads
         ptxas info    : Used 208 registers, used 1 barriers, 32 bytes cumulative stack size
         ptxas info    : Compile time = 151.093 ms
         ptxas info    : Compiling entry function '_Z24qk_int_sv_f8_attn_kernelILj128ELj64ELj32ELj64ELj64EL8DataType1EL16QuantGranularity2ELS1_2EfLb0E6__halfL11ComputeUnit1EL8MaskMode0ELb1ELb0ELb0ELb0EEvPaS5_S5_PT9_PfS8_S8_S8_S8_jjjjjjjjjjjjjjjf' for 'sm_120a'
         ptxas info    : Function properties for _Z24qk_int_sv_f8_attn_kernelILj128ELj64ELj32ELj64ELj64EL8DataType1EL16QuantGranularity2ELS1_2EfLb0E6__halfL11ComputeUnit1EL8MaskMode0ELb1ELb0ELb0ELb0EEvPaS5_S5_PT9_PfS8_S8_S8_S8_jjjjjjjjjjjjjjjf
             32 bytes stack frame, 0 bytes spill stores, 0 bytes spill loads
         ptxas info    : Used 208 registers, used 1 barriers, 32 bytes cumulative stack size
         ptxas info    : Compile time = 154.079 ms
         ptxas info    : Compiling entry function '_Z24qk_int_sv_f8_attn_kernelILj128ELj64ELj32ELj64ELj64EL8DataType1EL16QuantGranularity3ELS1_3EfLb0E13__nv_bfloat16L11ComputeUnit1EL8MaskMode1ELb0ELb0ELb0ELb0EEvPaS5_S5_PT9_PfS8_S8_S8_S8_jjjjjjjjjjjjjjjf' for 'sm_120a'
         ptxas info    : Function properties for _Z24qk_int_sv_f8_attn_kernelILj128ELj64ELj32ELj64ELj64EL8DataType1EL16QuantGranularity3ELS1_3EfLb0E13__nv_bfloat16L11ComputeUnit1EL8MaskMode1ELb0ELb0ELb0ELb0EEvPaS5_S5_PT9_PfS8_S8_S8_S8_jjjjjjjjjjjjjjjf
             0 bytes stack frame, 0 bytes spill stores, 0 bytes spill loads
         ptxas info    : Used 213 registers, used 1 barriers
         ptxas info    : Compile time = 170.093 ms
         ptxas info    : Compiling entry function '_Z24qk_int_sv_f8_attn_kernelILj128ELj64ELj32ELj64ELj64EL8DataType1EL16QuantGranularity3ELS1_3EfLb0E6__halfL11ComputeUnit1EL8MaskMode1ELb0ELb0ELb0ELb0EEvPaS5_S5_PT9_PfS8_S8_S8_S8_jjjjjjjjjjjjjjjf' for 'sm_120a'
         ptxas info    : Function properties for _Z24qk_int_sv_f8_attn_kernelILj128ELj64ELj32ELj64ELj64EL8DataType1EL16QuantGranularity3ELS1_3EfLb0E6__halfL11ComputeUnit1EL8MaskMode1ELb0ELb0ELb0ELb0EEvPaS5_S5_PT9_PfS8_S8_S8_S8_jjjjjjjjjjjjjjjf
             0 bytes stack frame, 0 bytes spill stores, 0 bytes spill loads
         ptxas info    : Used 213 registers, used 1 barriers
         ptxas info    : Compile time = 163.682 ms
         ptxas info    : Compiling entry function '_Z24qk_int_sv_f8_attn_kernelILj128ELj64ELj32ELj64ELj64EL8DataType1EL16QuantGranularity3ELS1_3EfLb0E13__nv_bfloat16L11ComputeUnit1EL8MaskMode1ELb1ELb0ELb0ELb0EEvPaS5_S5_PT9_PfS8_S8_S8_S8_jjjjjjjjjjjjjjjf' for 'sm_120a'
         ptxas info    : Function properties for _Z24qk_int_sv_f8_attn_kernelILj128ELj64ELj32ELj64ELj64EL8DataType1EL16QuantGranularity3ELS1_3EfLb0E13__nv_bfloat16L11ComputeUnit1EL8MaskMode1ELb1ELb0ELb0ELb0EEvPaS5_S5_PT9_PfS8_S8_S8_S8_jjjjjjjjjjjjjjjf
             32 bytes stack frame, 0 bytes spill stores, 0 bytes spill loads
         ptxas info    : Used 219 registers, used 1 barriers, 32 bytes cumulative stack size
         ptxas info    : Compile time = 167.699 ms
         ptxas info    : Compiling entry function '_Z24qk_int_sv_f8_attn_kernelILj128ELj64ELj32ELj64ELj64EL8DataType1EL16QuantGranularity3ELS1_3EfLb0E6__halfL11ComputeUnit1EL8MaskMode1ELb1ELb0ELb0ELb0EEvPaS5_S5_PT9_PfS8_S8_S8_S8_jjjjjjjjjjjjjjjf' for 'sm_120a'
         ptxas info    : Function properties for _Z24qk_int_sv_f8_attn_kernelILj128ELj64ELj32ELj64ELj64EL8DataType1EL16QuantGranularity3ELS1_3EfLb0E6__halfL11ComputeUnit1EL8MaskMode1ELb1ELb0ELb0ELb0EEvPaS5_S5_PT9_PfS8_S8_S8_S8_jjjjjjjjjjjjjjjf
             32 bytes stack frame, 0 bytes spill stores, 0 bytes spill loads
         ptxas info    : Used 219 registers, used 1 barriers, 32 bytes cumulative stack size
         ptxas info    : Compile time = 186.003 ms
         ptxas info    : Compiling entry function '_Z24qk_int_sv_f8_attn_kernelILj128ELj64ELj32ELj64ELj64EL8DataType1EL16QuantGranularity2ELS1_2EfLb0E13__nv_bfloat16L11ComputeUnit1EL8MaskMode1ELb0ELb0ELb0ELb0EEvPaS5_S5_PT9_PfS8_S8_S8_S8_jjjjjjjjjjjjjjjf' for 'sm_120a'
         ptxas info    : Function properties for _Z24qk_int_sv_f8_attn_kernelILj128ELj64ELj32ELj64ELj64EL8DataType1EL16QuantGranularity2ELS1_2EfLb0E13__nv_bfloat16L11ComputeUnit1EL8MaskMode1ELb0ELb0ELb0ELb0EEvPaS5_S5_PT9_PfS8_S8_S8_S8_jjjjjjjjjjjjjjjf
             0 bytes stack frame, 0 bytes spill stores, 0 bytes spill loads
         ptxas info    : Used 211 registers, used 1 barriers
         ptxas info    : Compile time = 163.645 ms
         ptxas info    : Compiling entry function '_Z24qk_int_sv_f8_attn_kernelILj128ELj64ELj32ELj64ELj64EL8DataType1EL16QuantGranularity2ELS1_2EfLb0E6__halfL11ComputeUnit1EL8MaskMode1ELb0ELb0ELb0ELb0EEvPaS5_S5_PT9_PfS8_S8_S8_S8_jjjjjjjjjjjjjjjf' for 'sm_120a'
         ptxas info    : Function properties for _Z24qk_int_sv_f8_attn_kernelILj128ELj64ELj32ELj64ELj64EL8DataType1EL16QuantGranularity2ELS1_2EfLb0E6__halfL11ComputeUnit1EL8MaskMode1ELb0ELb0ELb0ELb0EEvPaS5_S5_PT9_PfS8_S8_S8_S8_jjjjjjjjjjjjjjjf
             0 bytes stack frame, 0 bytes spill stores, 0 bytes spill loads
         ptxas info    : Used 211 registers, used 1 barriers
         ptxas info    : Compile time = 163.336 ms
         ptxas info    : Compiling entry function '_Z24qk_int_sv_f8_attn_kernelILj128ELj64ELj32ELj64ELj64EL8DataType1EL16QuantGranularity2ELS1_2EfLb0E13__nv_bfloat16L11ComputeUnit1EL8MaskMode1ELb1ELb0ELb0ELb0EEvPaS5_S5_PT9_PfS8_S8_S8_S8_jjjjjjjjjjjjjjjf' for 'sm_120a'
         ptxas info    : Function properties for _Z24qk_int_sv_f8_attn_kernelILj128ELj64ELj32ELj64ELj64EL8DataType1EL16QuantGranularity2ELS1_2EfLb0E13__nv_bfloat16L11ComputeUnit1EL8MaskMode1ELb1ELb0ELb0ELb0EEvPaS5_S5_PT9_PfS8_S8_S8_S8_jjjjjjjjjjjjjjjf
             32 bytes stack frame, 0 bytes spill stores, 0 bytes spill loads
         ptxas info    : Used 230 registers, used 1 barriers, 32 bytes cumulative stack size
         ptxas info    : Compile time = 166.616 ms
         ptxas info    : Compiling entry function '_Z24qk_int_sv_f8_attn_kernelILj128ELj64ELj32ELj64ELj64EL8DataType1EL16QuantGranularity2ELS1_2EfLb0E6__halfL11ComputeUnit1EL8MaskMode1ELb1ELb0ELb0ELb0EEvPaS5_S5_PT9_PfS8_S8_S8_S8_jjjjjjjjjjjjjjjf' for 'sm_120a'
         ptxas info    : Function properties for _Z24qk_int_sv_f8_attn_kernelILj128ELj64ELj32ELj64ELj64EL8DataType1EL16QuantGranularity2ELS1_2EfLb0E6__halfL11ComputeUnit1EL8MaskMode1ELb1ELb0ELb0ELb0EEvPaS5_S5_PT9_PfS8_S8_S8_S8_jjjjjjjjjjjjjjjf
             32 bytes stack frame, 0 bytes spill stores, 0 bytes spill loads
         ptxas info    : Used 230 registers, used 1 barriers, 32 bytes cumulative stack size
         ptxas info    : Compile time = 167.099 ms
         [3/8] /usr/local/cuda-13.0/bin/nvcc -MD -MF /tmp/qwen-sageattention-20261005/build/temp.linux-x86_64-cpython-312/sageattention._qattn_sm89/csrc/qattn/sm89_qk_int8_sv_f8_accum_f16_fuse_v_scale_attn_inst_buf.o.d -I/opt/venv/lib/python3.12/site-packages/torch/include -I/opt/venv/lib/python3.12/site-packages/torch/include/torch/csrc/api/include -I/usr/local/cuda-13.0/include -I/opt/venv/include -I/root/.local/share/uv/python/cpython-3.12.15-linux-x86_64-gnu/include/python3.12 -c -c /tmp/qwen-sageattention-20261005/csrc/qattn/sm89_qk_int8_sv_f8_accum_f16_fuse_v_scale_attn_inst_buf.cu -o /tmp/qwen-sageattention-20261005/build/temp.linux-x86_64-cpython-312/sageattention._qattn_sm89/csrc/qattn/sm89_qk_int8_sv_f8_accum_f16_fuse_v_scale_attn_inst_buf.o -D__CUDA_NO_HALF_OPERATORS__ -D__CUDA_NO_HALF_CONVERSIONS__ -D__CUDA_NO_BFLOAT16_CONVERSIONS__ -D__CUDA_NO_HALF2_OPERATORS__ --expt-relaxed-constexpr --compiler-options ''"'"'-fPIC'"'"'' -O3 -std=c++17 -U__CUDA_NO_HALF_OPERATORS__ -U__CUDA_NO_HALF_CONVERSIONS__ --use_fast_math --threads=8 -Xptxas=-v -diag-suppress=174 -D_GLIBCXX_USE_CXX11_ABI=1 -gencode arch=compute_120a,code=sm_120a -DTORCH_API_INCLUDE_EXTENSION_H -DTORCH_EXTENSION_NAME=_qattn_sm89
         In file included from /tmp/qwen-sageattention-20261005/csrc/qattn/qk_int_sv_f8_cuda_sm89.cuh:17,
                          from /tmp/qwen-sageattention-20261005/csrc/qattn/sm89_qk_int8_sv_f8_accum_f16_fuse_v_scale_attn_inst_buf.cu:2:
         /tmp/qwen-sageattention-20261005/csrc/qattn/../utils.cuh:36:37: warning: backslash-newline at end of file
            36 | #define CHECK_LASTDIM_CONTIGUOUS(x) \
               |                                      
         In file included from /tmp/qwen-sageattention-20261005/csrc/qattn/qk_int_sv_f8_cuda_sm89.cuh:17,
                          from /tmp/qwen-sageattention-20261005/csrc/qattn/sm89_qk_int8_sv_f8_accum_f16_fuse_v_scale_attn_inst_buf.cu:2:
         /tmp/qwen-sageattention-20261005/csrc/qattn/../utils.cuh:36:37: warning: backslash-newline at end of file
            36 | #define CHECK_LASTDIM_CONTIGUOUS(x) \
               |                                      
         ptxas info    : 28 bytes gmem
         ptxas info    : Compiling entry function '_Z24qk_int_sv_f8_attn_kernelILj128ELj64ELj32ELj64ELj128EL8DataType1EL16QuantGranularity3ELS1_3EfLb1E13__nv_bfloat16L11ComputeUnit1EL8MaskMode0ELb0ELb1ELb0ELb1EEvPaS5_S5_PT9_PfS8_S8_S8_S8_jjjjjjjjjjjjjjjf' for 'sm_120a'
         ptxas info    : Function properties for _Z24qk_int_sv_f8_attn_kernelILj128ELj64ELj32ELj64ELj128EL8DataType1EL16QuantGranularity3ELS1_3EfLb1E13__nv_bfloat16L11ComputeUnit1EL8MaskMode0ELb0ELb1ELb0ELb1EEvPaS5_S5_PT9_PfS8_S8_S8_S8_jjjjjjjjjjjjjjjf
             40 bytes stack frame, 40 bytes spill stores, 40 bytes spill loads
         ptxas info    : Used 255 registers, used 1 barriers, 40 bytes cumulative stack size
         ptxas info    : Compile time = 454.049 ms
         ptxas info    : Compiling entry function '_Z24qk_int_sv_f8_attn_kernelILj128ELj64ELj32ELj64ELj128EL8DataType1EL16QuantGranularity3ELS1_3EfLb1E6__halfL11ComputeUnit1EL8MaskMode0ELb0ELb1ELb0ELb1EEvPaS5_S5_PT9_PfS8_S8_S8_S8_jjjjjjjjjjjjjjjf' for 'sm_120a'
         ptxas info    : Function properties for _Z24qk_int_sv_f8_attn_kernelILj128ELj64ELj32ELj64ELj128EL8DataType1EL16QuantGranularity3ELS1_3EfLb1E6__halfL11ComputeUnit1EL8MaskMode0ELb0ELb1ELb0ELb1EEvPaS5_S5_PT9_PfS8_S8_S8_S8_jjjjjjjjjjjjjjjf
             40 bytes stack frame, 40 bytes spill stores, 40 bytes spill loads
         ptxas info    : Used 255 registers, used 1 barriers, 40 bytes cumulative stack size
         ptxas info    : Compile time = 448.286 ms
         ptxas info    : Compiling entry function '_Z24qk_int_sv_f8_attn_kernelILj128ELj64ELj32ELj64ELj128EL8DataType1EL16QuantGranularity3ELS1_3EfLb1E13__nv_bfloat16L11ComputeUnit1EL8MaskMode0ELb1ELb1ELb0ELb1EEvPaS5_S5_PT9_PfS8_S8_S8_S8_jjjjjjjjjjjjjjjf' for 'sm_120a'
         ptxas info    : Function properties for _Z24qk_int_sv_f8_attn_kernelILj128ELj64ELj32ELj64ELj128EL8DataType1EL16QuantGranularity3ELS1_3EfLb1E13__nv_bfloat16L11ComputeUnit1EL8MaskMode0ELb1ELb1ELb0ELb1EEvPaS5_S5_PT9_PfS8_S8_S8_S8_jjjjjjjjjjjjjjjf
             64 bytes stack frame, 20 bytes spill stores, 20 bytes spill loads
         ptxas info    : Used 255 registers, used 1 barriers, 64 bytes cumulative stack size
         ptxas info    : Compile time = 561.623 ms
         ptxas info    : Compiling entry function '_Z24qk_int_sv_f8_attn_kernelILj128ELj64ELj32ELj64ELj128EL8DataType1EL16QuantGranularity3ELS1_3EfLb1E6__halfL11ComputeUnit1EL8MaskMode0ELb1ELb1ELb0ELb1EEvPaS5_S5_PT9_PfS8_S8_S8_S8_jjjjjjjjjjjjjjjf' for 'sm_120a'
         ptxas info    : Function properties for _Z24qk_int_sv_f8_attn_kernelILj128ELj64ELj32ELj64ELj128EL8DataType1EL16QuantGranularity3ELS1_3EfLb1E6__halfL11ComputeUnit1EL8MaskMode0ELb1ELb1ELb0ELb1EEvPaS5_S5_PT9_PfS8_S8_S8_S8_jjjjjjjjjjjjjjjf
             64 bytes stack frame, 20 bytes spill stores, 20 bytes spill loads
         ptxas info    : Used 255 registers, used 1 barriers, 64 bytes cumulative stack size
         ptxas info    : Compile time = 565.194 ms
         ptxas info    : Compiling entry function '_Z24qk_int_sv_f8_attn_kernelILj128ELj64ELj32ELj64ELj128EL8DataType1EL16QuantGranularity2ELS1_2EfLb1E13__nv_bfloat16L11ComputeUnit1EL8MaskMode0ELb0ELb1ELb0ELb1EEvPaS5_S5_PT9_PfS8_S8_S8_S8_jjjjjjjjjjjjjjjf' for 'sm_120a'
         ptxas info    : Function properties for _Z24qk_int_sv_f8_attn_kernelILj128ELj64ELj32ELj64ELj128EL8DataType1EL16QuantGranularity2ELS1_2EfLb1E13__nv_bfloat16L11ComputeUnit1EL8MaskMode0ELb0ELb1ELb0ELb1EEvPaS5_S5_PT9_PfS8_S8_S8_S8_jjjjjjjjjjjjjjjf
             48 bytes stack frame, 44 bytes spill stores, 44 bytes spill loads
         ptxas info    : Used 255 registers, used 1 barriers, 48 bytes cumulative stack size
         ptxas info    : Compile time = 455.884 ms
         ptxas info    : Compiling entry function '_Z24qk_int_sv_f8_attn_kernelILj128ELj64ELj32ELj64ELj128EL8DataType1EL16QuantGranularity2ELS1_2EfLb1E6__halfL11ComputeUnit1EL8MaskMode0ELb0ELb1ELb0ELb1EEvPaS5_S5_PT9_PfS8_S8_S8_S8_jjjjjjjjjjjjjjjf' for 'sm_120a'
         ptxas info    : Function properties for _Z24qk_int_sv_f8_attn_kernelILj128ELj64ELj32ELj64ELj128EL8DataType1EL16QuantGranularity2ELS1_2EfLb1E6__halfL11ComputeUnit1EL8MaskMode0ELb0ELb1ELb0ELb1EEvPaS5_S5_PT9_PfS8_S8_S8_S8_jjjjjjjjjjjjjjjf
             48 bytes stack frame, 44 bytes spill stores, 44 bytes spill loads
         ptxas info    : Used 255 registers, used 1 barriers, 48 bytes cumulative stack size
         ptxas info    : Compile time = 448.369 ms
         ptxas info    : Compiling entry function '_Z24qk_int_sv_f8_attn_kernelILj128ELj64ELj32ELj64ELj128EL8DataType1EL16QuantGranularity2ELS1_2EfLb1E13__nv_bfloat16L11ComputeUnit1EL8MaskMode0ELb1ELb1ELb0ELb1EEvPaS5_S5_PT9_PfS8_S8_S8_S8_jjjjjjjjjjjjjjjf' for 'sm_120a'
         ptxas info    : Function properties for _Z24qk_int_sv_f8_attn_kernelILj128ELj64ELj32ELj64ELj128EL8DataType1EL16QuantGranularity2ELS1_2EfLb1E13__nv_bfloat16L11ComputeUnit1EL8MaskMode0ELb1ELb1ELb0ELb1EEvPaS5_S5_PT9_PfS8_S8_S8_S8_jjjjjjjjjjjjjjjf
             48 bytes stack frame, 24 bytes spill stores, 24 bytes spill loads
         ptxas info    : Used 255 registers, used 1 barriers, 48 bytes cumulative stack size
         ptxas info    : Compile time = 558.102 ms
         ptxas info    : Compiling entry function '_Z24qk_int_sv_f8_attn_kernelILj128ELj64ELj32ELj64ELj128EL8DataType1EL16QuantGranularity2ELS1_2EfLb1E6__halfL11ComputeUnit1EL8MaskMode0ELb1ELb1ELb0ELb1EEvPaS5_S5_PT9_PfS8_S8_S8_S8_jjjjjjjjjjjjjjjf' for 'sm_120a'
         ptxas info    : Function properties for _Z24qk_int_sv_f8_attn_kernelILj128ELj64ELj32ELj64ELj128EL8DataType1EL16QuantGranularity2ELS1_2EfLb1E6__halfL11ComputeUnit1EL8MaskMode0ELb1ELb1ELb0ELb1EEvPaS5_S5_PT9_PfS8_S8_S8_S8_jjjjjjjjjjjjjjjf
             48 bytes stack frame, 24 bytes spill stores, 24 bytes spill loads
         ptxas info    : Used 255 registers, used 1 barriers, 48 bytes cumulative stack size
         ptxas info    : Compile time = 568.336 ms
         ptxas info    : Compiling entry function '_Z24qk_int_sv_f8_attn_kernelILj128ELj64ELj32ELj64ELj128EL8DataType1EL16QuantGranularity3ELS1_3EfLb1E13__nv_bfloat16L11ComputeUnit1EL8MaskMode1ELb0ELb1ELb0ELb1EEvPaS5_S5_PT9_PfS8_S8_S8_S8_jjjjjjjjjjjjjjjf' for 'sm_120a'
         ptxas info    : Function properties for _Z24qk_int_sv_f8_attn_kernelILj128ELj64ELj32ELj64ELj128EL8DataType1EL16QuantGranularity3ELS1_3EfLb1E13__nv_bfloat16L11ComputeUnit1EL8MaskMode1ELb0ELb1ELb0ELb1EEvPaS5_S5_PT9_PfS8_S8_S8_S8_jjjjjjjjjjjjjjjf
             16 bytes stack frame, 24 bytes spill stores, 24 bytes spill loads
         ptxas info    : Used 255 registers, used 1 barriers, 16 bytes cumulative stack size
         ptxas info    : Compile time = 588.109 ms
         ptxas info    : Compiling entry function '_Z24qk_int_sv_f8_attn_kernelILj128ELj64ELj32ELj64ELj128EL8DataType1EL16QuantGranularity3ELS1_3EfLb1E6__halfL11ComputeUnit1EL8MaskMode1ELb0ELb1ELb0ELb1EEvPaS5_S5_PT9_PfS8_S8_S8_S8_jjjjjjjjjjjjjjjf' for 'sm_120a'
         ptxas info    : Function properties for _Z24qk_int_sv_f8_attn_kernelILj128ELj64ELj32ELj64ELj128EL8DataType1EL16QuantGranularity3ELS1_3EfLb1E6__halfL11ComputeUnit1EL8MaskMode1ELb0ELb1ELb0ELb1EEvPaS5_S5_PT9_PfS8_S8_S8_S8_jjjjjjjjjjjjjjjf
             16 bytes stack frame, 24 bytes spill stores, 24 bytes spill loads
         ptxas info    : Used 255 registers, used 1 barriers, 16 bytes cumulative stack size
         ptxas info    : Compile time = 579.353 ms
         ptxas info    : Compiling entry function '_Z24qk_int_sv_f8_attn_kernelILj128ELj64ELj32ELj64ELj128EL8DataType1EL16QuantGranularity3ELS1_3EfLb1E13__nv_bfloat16L11ComputeUnit1EL8MaskMode1ELb1ELb1ELb0ELb1EEvPaS5_S5_PT9_PfS8_S8_S8_S8_jjjjjjjjjjjjjjjf' for 'sm_120a'
         ptxas info    : Function properties for _Z24qk_int_sv_f8_attn_kernelILj128ELj64ELj32ELj64ELj128EL8DataType1EL16QuantGranularity3ELS1_3EfLb1E13__nv_bfloat16L11ComputeUnit1EL8MaskMode1ELb1ELb1ELb0ELb1EEvPaS5_S5_PT9_PfS8_S8_S8_S8_jjjjjjjjjjjjjjjf
             32 bytes stack frame, 0 bytes spill stores, 0 bytes spill loads
         ptxas info    : Used 255 registers, used 1 barriers, 32 bytes cumulative stack size
         ptxas info    : Compile time = 570.375 ms
         ptxas info    : Compiling entry function '_Z24qk_int_sv_f8_attn_kernelILj128ELj64ELj32ELj64ELj128EL8DataType1EL16QuantGranularity3ELS1_3EfLb1E6__halfL11ComputeUnit1EL8MaskMode1ELb1ELb1ELb0ELb1EEvPaS5_S5_PT9_PfS8_S8_S8_S8_jjjjjjjjjjjjjjjf' for 'sm_120a'
         ptxas info    : Function properties for _Z24qk_int_sv_f8_attn_kernelILj128ELj64ELj32ELj64ELj128EL8DataType1EL16QuantGranularity3ELS1_3EfLb1E6__halfL11ComputeUnit1EL8MaskMode1ELb1ELb1ELb0ELb1EEvPaS5_S5_PT9_PfS8_S8_S8_S8_jjjjjjjjjjjjjjjf
             32 bytes stack frame, 0 bytes spill stores, 0 bytes spill loads
         ptxas info    : Used 255 registers, used 1 barriers, 32 bytes cumulative stack size
         ptxas info    : Compile time = 576.472 ms
         ptxas info    : Compiling entry function '_Z24qk_int_sv_f8_attn_kernelILj128ELj64ELj32ELj64ELj128EL8DataType1EL16QuantGranularity2ELS1_2EfLb1E13__nv_bfloat16L11ComputeUnit1EL8MaskMode1ELb0ELb1ELb0ELb1EEvPaS5_S5_PT9_PfS8_S8_S8_S8_jjjjjjjjjjjjjjjf' for 'sm_120a'
         ptxas info    : Function properties for _Z24qk_int_sv_f8_attn_kernelILj128ELj64ELj32ELj64ELj128EL8DataType1EL16QuantGranularity2ELS1_2EfLb1E13__nv_bfloat16L11ComputeUnit1EL8MaskMode1ELb0ELb1ELb0ELb1EEvPaS5_S5_PT9_PfS8_S8_S8_S8_jjjjjjjjjjjjjjjf
             16 bytes stack frame, 24 bytes spill stores, 24 bytes spill loads
         ptxas info    : Used 255 registers, used 1 barriers, 16 bytes cumulative stack size
         ptxas info    : Compile time = 549.449 ms
         ptxas info    : Compiling entry function '_Z24qk_int_sv_f8_attn_kernelILj128ELj64ELj32ELj64ELj128EL8DataType1EL16QuantGranularity2ELS1_2EfLb1E6__halfL11ComputeUnit1EL8MaskMode1ELb0ELb1ELb0ELb1EEvPaS5_S5_PT9_PfS8_S8_S8_S8_jjjjjjjjjjjjjjjf' for 'sm_120a'
         ptxas info    : Function properties for _Z24qk_int_sv_f8_attn_kernelILj128ELj64ELj32ELj64ELj128EL8DataType1EL16QuantGranularity2ELS1_2EfLb1E6__halfL11ComputeUnit1EL8MaskMode1ELb0ELb1ELb0ELb1EEvPaS5_S5_PT9_PfS8_S8_S8_S8_jjjjjjjjjjjjjjjf
             16 bytes stack frame, 24 bytes spill stores, 24 bytes spill loads
         ptxas info    : Used 255 registers, used 1 barriers, 16 bytes cumulative stack size
         ptxas info    : Compile time = 562.261 ms
         ptxas info    : Compiling entry function '_Z24qk_int_sv_f8_attn_kernelILj128ELj64ELj32ELj64ELj128EL8DataType1EL16QuantGranularity2ELS1_2EfLb1E13__nv_bfloat16L11ComputeUnit1EL8MaskMode1ELb1ELb1ELb0ELb1EEvPaS5_S5_PT9_PfS8_S8_S8_S8_jjjjjjjjjjjjjjjf' for 'sm_120a'
         ptxas info    : Function properties for _Z24qk_int_sv_f8_attn_kernelILj128ELj64ELj32ELj64ELj128EL8DataType1EL16QuantGranularity2ELS1_2EfLb1E13__nv_bfloat16L11ComputeUnit1EL8MaskMode1ELb1ELb1ELb0ELb1EEvPaS5_S5_PT9_PfS8_S8_S8_S8_jjjjjjjjjjjjjjjf
             48 bytes stack frame, 8 bytes spill stores, 8 bytes spill loads
         ptxas info    : Used 255 registers, used 1 barriers, 48 bytes cumulative stack size
         ptxas info    : Compile time = 566.606 ms
         ptxas info    : Compiling entry function '_Z24qk_int_sv_f8_attn_kernelILj128ELj64ELj32ELj64ELj128EL8DataType1EL16QuantGranularity2ELS1_2EfLb1E6__halfL11ComputeUnit1EL8MaskMode1ELb1ELb1ELb0ELb1EEvPaS5_S5_PT9_PfS8_S8_S8_S8_jjjjjjjjjjjjjjjf' for 'sm_120a'
         ptxas info    : Function properties for _Z24qk_int_sv_f8_attn_kernelILj128ELj64ELj32ELj64ELj128EL8DataType1EL16QuantGranularity2ELS1_2EfLb1E6__halfL11ComputeUnit1EL8MaskMode1ELb1ELb1ELb0ELb1EEvPaS5_S5_PT9_PfS8_S8_S8_S8_jjjjjjjjjjjjjjjf
             48 bytes stack frame, 8 bytes spill stores, 8 bytes spill loads
         ptxas info    : Used 255 registers, used 1 barriers, 48 bytes cumulative stack size
         ptxas info    : Compile time = 567.900 ms
         ptxas info    : Compiling entry function '_Z24qk_int_sv_f8_attn_kernelILj128ELj64ELj32ELj64ELj64EL8DataType1EL16QuantGranularity3ELS1_3EfLb1E13__nv_bfloat16L11ComputeUnit1EL8MaskMode0ELb0ELb1ELb0ELb1EEvPaS5_S5_PT9_PfS8_S8_S8_S8_jjjjjjjjjjjjjjjf' for 'sm_120a'
         ptxas info    : Function properties for _Z24qk_int_sv_f8_attn_kernelILj128ELj64ELj32ELj64ELj64EL8DataType1EL16QuantGranularity3ELS1_3EfLb1E13__nv_bfloat16L11ComputeUnit1EL8MaskMode0ELb0ELb1ELb0ELb1EEvPaS5_S5_PT9_PfS8_S8_S8_S8_jjjjjjjjjjjjjjjf
             0 bytes stack frame, 0 bytes spill stores, 0 bytes spill loads
         ptxas info    : Used 226 registers, used 1 barriers
         ptxas info    : Compile time = 229.174 ms
         ptxas info    : Compiling entry function '_Z24qk_int_sv_f8_attn_kernelILj128ELj64ELj32ELj64ELj64EL8DataType1EL16QuantGranularity3ELS1_3EfLb1E6__halfL11ComputeUnit1EL8MaskMode0ELb0ELb1ELb0ELb1EEvPaS5_S5_PT9_PfS8_S8_S8_S8_jjjjjjjjjjjjjjjf' for 'sm_120a'
         ptxas info    : Function properties for _Z24qk_int_sv_f8_attn_kernelILj128ELj64ELj32ELj64ELj64EL8DataType1EL16QuantGranularity3ELS1_3EfLb1E6__halfL11ComputeUnit1EL8MaskMode0ELb0ELb1ELb0ELb1EEvPaS5_S5_PT9_PfS8_S8_S8_S8_jjjjjjjjjjjjjjjf
             0 bytes stack frame, 0 bytes spill stores, 0 bytes spill loads
         ptxas info    : Used 226 registers, used 1 barriers
         ptxas info    : Compile time = 225.140 ms
         ptxas info    : Compiling entry function '_Z24qk_int_sv_f8_attn_kernelILj128ELj64ELj32ELj64ELj64EL8DataType1EL16QuantGranularity3ELS1_3EfLb1E13__nv_bfloat16L11ComputeUnit1EL8MaskMode0ELb1ELb1ELb0ELb1EEvPaS5_S5_PT9_PfS8_S8_S8_S8_jjjjjjjjjjjjjjjf' for 'sm_120a'
         ptxas info    : Function properties for _Z24qk_int_sv_f8_attn_kernelILj128ELj64ELj32ELj64ELj64EL8DataType1EL16QuantGranularity3ELS1_3EfLb1E13__nv_bfloat16L11ComputeUnit1EL8MaskMode0ELb1ELb1ELb0ELb1EEvPaS5_S5_PT9_PfS8_S8_S8_S8_jjjjjjjjjjjjjjjf
             32 bytes stack frame, 0 bytes spill stores, 0 bytes spill loads
         ptxas info    : Used 219 registers, used 1 barriers, 32 bytes cumulative stack size
         ptxas info    : Compile time = 230.064 ms
         ptxas info    : Compiling entry function '_Z24qk_int_sv_f8_attn_kernelILj128ELj64ELj32ELj64ELj64EL8DataType1EL16QuantGranularity3ELS1_3EfLb1E6__halfL11ComputeUnit1EL8MaskMode0ELb1ELb1ELb0ELb1EEvPaS5_S5_PT9_PfS8_S8_S8_S8_jjjjjjjjjjjjjjjf' for 'sm_120a'
         ptxas info    : Function properties for _Z24qk_int_sv_f8_attn_kernelILj128ELj64ELj32ELj64ELj64EL8DataType1EL16QuantGranularity3ELS1_3EfLb1E6__halfL11ComputeUnit1EL8MaskMode0ELb1ELb1ELb0ELb1EEvPaS5_S5_PT9_PfS8_S8_S8_S8_jjjjjjjjjjjjjjjf
             32 bytes stack frame, 0 bytes spill stores, 0 bytes spill loads
         ptxas info    : Used 219 registers, used 1 barriers, 32 bytes cumulative stack size
         ptxas info    : Compile time = 228.607 ms
         ptxas info    : Compiling entry function '_Z24qk_int_sv_f8_attn_kernelILj128ELj64ELj32ELj64ELj64EL8DataType1EL16QuantGranularity2ELS1_2EfLb1E13__nv_bfloat16L11ComputeUnit1EL8MaskMode0ELb0ELb1ELb0ELb1EEvPaS5_S5_PT9_PfS8_S8_S8_S8_jjjjjjjjjjjjjjjf' for 'sm_120a'
         ptxas info    : Function properties for _Z24qk_int_sv_f8_attn_kernelILj128ELj64ELj32ELj64ELj64EL8DataType1EL16QuantGranularity2ELS1_2EfLb1E13__nv_bfloat16L11ComputeUnit1EL8MaskMode0ELb0ELb1ELb0ELb1EEvPaS5_S5_PT9_PfS8_S8_S8_S8_jjjjjjjjjjjjjjjf
             0 bytes stack frame, 0 bytes spill stores, 0 bytes spill loads
         ptxas info    : Used 225 registers, used 1 barriers
         ptxas info    : Compile time = 228.518 ms
         ptxas info    : Compiling entry function '_Z24qk_int_sv_f8_attn_kernelILj128ELj64ELj32ELj64ELj64EL8DataType1EL16QuantGranularity2ELS1_2EfLb1E6__halfL11ComputeUnit1EL8MaskMode0ELb0ELb1ELb0ELb1EEvPaS5_S5_PT9_PfS8_S8_S8_S8_jjjjjjjjjjjjjjjf' for 'sm_120a'
         ptxas info    : Function properties for _Z24qk_int_sv_f8_attn_kernelILj128ELj64ELj32ELj64ELj64EL8DataType1EL16QuantGranularity2ELS1_2EfLb1E6__halfL11ComputeUnit1EL8MaskMode0ELb0ELb1ELb0ELb1EEvPaS5_S5_PT9_PfS8_S8_S8_S8_jjjjjjjjjjjjjjjf
             0 bytes stack frame, 0 bytes spill stores, 0 bytes spill loads
         ptxas info    : Used 225 registers, used 1 barriers
         ptxas info    : Compile time = 228.938 ms
         ptxas info    : Compiling entry function '_Z24qk_int_sv_f8_attn_kernelILj128ELj64ELj32ELj64ELj64EL8DataType1EL16QuantGranularity2ELS1_2EfLb1E13__nv_bfloat16L11ComputeUnit1EL8MaskMode0ELb1ELb1ELb0ELb1EEvPaS5_S5_PT9_PfS8_S8_S8_S8_jjjjjjjjjjjjjjjf' for 'sm_120a'
         ptxas info    : Function properties for _Z24qk_int_sv_f8_attn_kernelILj128ELj64ELj32ELj64ELj64EL8DataType1EL16QuantGranularity2ELS1_2EfLb1E13__nv_bfloat16L11ComputeUnit1EL8MaskMode0ELb1ELb1ELb0ELb1EEvPaS5_S5_PT9_PfS8_S8_S8_S8_jjjjjjjjjjjjjjjf
             32 bytes stack frame, 0 bytes spill stores, 0 bytes spill loads
         ptxas info    : Used 225 registers, used 1 barriers, 32 bytes cumulative stack size
         ptxas info    : Compile time = 236.158 ms
         ptxas info    : Compiling entry function '_Z24qk_int_sv_f8_attn_kernelILj128ELj64ELj32ELj64ELj64EL8DataType1EL16QuantGranularity2ELS1_2EfLb1E6__halfL11ComputeUnit1EL8MaskMode0ELb1ELb1ELb0ELb1EEvPaS5_S5_PT9_PfS8_S8_S8_S8_jjjjjjjjjjjjjjjf' for 'sm_120a'
         ptxas info    : Function properties for _Z24qk_int_sv_f8_attn_kernelILj128ELj64ELj32ELj64ELj64EL8DataType1EL16QuantGranularity2ELS1_2EfLb1E6__halfL11ComputeUnit1EL8MaskMode0ELb1ELb1ELb0ELb1EEvPaS5_S5_PT9_PfS8_S8_S8_S8_jjjjjjjjjjjjjjjf
             32 bytes stack frame, 0 bytes spill stores, 0 bytes spill loads
         ptxas info    : Used 225 registers, used 1 barriers, 32 bytes cumulative stack size
         ptxas info    : Compile time = 232.058 ms
         ptxas info    : Compiling entry function '_Z24qk_int_sv_f8_attn_kernelILj128ELj64ELj32ELj64ELj64EL8DataType1EL16QuantGranularity3ELS1_3EfLb1E13__nv_bfloat16L11ComputeUnit1EL8MaskMode1ELb0ELb1ELb0ELb1EEvPaS5_S5_PT9_PfS8_S8_S8_S8_jjjjjjjjjjjjjjjf' for 'sm_120a'
         ptxas info    : Function properties for _Z24qk_int_sv_f8_attn_kernelILj128ELj64ELj32ELj64ELj64EL8DataType1EL16QuantGranularity3ELS1_3EfLb1E13__nv_bfloat16L11ComputeUnit1EL8MaskMode1ELb0ELb1ELb0ELb1EEvPaS5_S5_PT9_PfS8_S8_S8_S8_jjjjjjjjjjjjjjjf
             0 bytes stack frame, 0 bytes spill stores, 0 bytes spill loads
         ptxas info    : Used 248 registers, used 1 barriers
         ptxas info    : Compile time = 247.111 ms
         ptxas info    : Compiling entry function '_Z24qk_int_sv_f8_attn_kernelILj128ELj64ELj32ELj64ELj64EL8DataType1EL16QuantGranularity3ELS1_3EfLb1E6__halfL11ComputeUnit1EL8MaskMode1ELb0ELb1ELb0ELb1EEvPaS5_S5_PT9_PfS8_S8_S8_S8_jjjjjjjjjjjjjjjf' for 'sm_120a'
         ptxas info    : Function properties for _Z24qk_int_sv_f8_attn_kernelILj128ELj64ELj32ELj64ELj64EL8DataType1EL16QuantGranularity3ELS1_3EfLb1E6__halfL11ComputeUnit1EL8MaskMode1ELb0ELb1ELb0ELb1EEvPaS5_S5_PT9_PfS8_S8_S8_S8_jjjjjjjjjjjjjjjf
             0 bytes stack frame, 0 bytes spill stores, 0 bytes spill loads
         ptxas info    : Used 248 registers, used 1 barriers
         ptxas info    : Compile time = 248.886 ms
         ptxas info    : Compiling entry function '_Z24qk_int_sv_f8_attn_kernelILj128ELj64ELj32ELj64ELj64EL8DataType1EL16QuantGranularity3ELS1_3EfLb1E13__nv_bfloat16L11ComputeUnit1EL8MaskMode1ELb1ELb1ELb0ELb1EEvPaS5_S5_PT9_PfS8_S8_S8_S8_jjjjjjjjjjjjjjjf' for 'sm_120a'
         ptxas info    : Function properties for _Z24qk_int_sv_f8_attn_kernelILj128ELj64ELj32ELj64ELj64EL8DataType1EL16QuantGranularity3ELS1_3EfLb1E13__nv_bfloat16L11ComputeUnit1EL8MaskMode1ELb1ELb1ELb0ELb1EEvPaS5_S5_PT9_PfS8_S8_S8_S8_jjjjjjjjjjjjjjjf
             32 bytes stack frame, 0 bytes spill stores, 0 bytes spill loads
         ptxas info    : Used 229 registers, used 1 barriers, 32 bytes cumulative stack size
         ptxas info    : Compile time = 254.634 ms
         ptxas info    : Compiling entry function '_Z24qk_int_sv_f8_attn_kernelILj128ELj64ELj32ELj64ELj64EL8DataType1EL16QuantGranularity3ELS1_3EfLb1E6__halfL11ComputeUnit1EL8MaskMode1ELb1ELb1ELb0ELb1EEvPaS5_S5_PT9_PfS8_S8_S8_S8_jjjjjjjjjjjjjjjf' for 'sm_120a'
         ptxas info    : Function properties for _Z24qk_int_sv_f8_attn_kernelILj128ELj64ELj32ELj64ELj64EL8DataType1EL16QuantGranularity3ELS1_3EfLb1E6__halfL11ComputeUnit1EL8MaskMode1ELb1ELb1ELb0ELb1EEvPaS5_S5_PT9_PfS8_S8_S8_S8_jjjjjjjjjjjjjjjf
             32 bytes stack frame, 0 bytes spill stores, 0 bytes spill loads
         ptxas info    : Used 229 registers, used 1 barriers, 32 bytes cumulative stack size
         ptxas info    : Compile time = 256.135 ms
         ptxas info    : Compiling entry function '_Z24qk_int_sv_f8_attn_kernelILj128ELj64ELj32ELj64ELj64EL8DataType1EL16QuantGranularity2ELS1_2EfLb1E13__nv_bfloat16L11ComputeUnit1EL8MaskMode1ELb0ELb1ELb0ELb1EEvPaS5_S5_PT9_PfS8_S8_S8_S8_jjjjjjjjjjjjjjjf' for 'sm_120a'
         ptxas info    : Function properties for _Z24qk_int_sv_f8_attn_kernelILj128ELj64ELj32ELj64ELj64EL8DataType1EL16QuantGranularity2ELS1_2EfLb1E13__nv_bfloat16L11ComputeUnit1EL8MaskMode1ELb0ELb1ELb0ELb1EEvPaS5_S5_PT9_PfS8_S8_S8_S8_jjjjjjjjjjjjjjjf
             0 bytes stack frame, 0 bytes spill stores, 0 bytes spill loads
         ptxas info    : Used 248 registers, used 1 barriers
         ptxas info    : Compile time = 245.228 ms
         ptxas info    : Compiling entry function '_Z24qk_int_sv_f8_attn_kernelILj128ELj64ELj32ELj64ELj64EL8DataType1EL16QuantGranularity2ELS1_2EfLb1E6__halfL11ComputeUnit1EL8MaskMode1ELb0ELb1ELb0ELb1EEvPaS5_S5_PT9_PfS8_S8_S8_S8_jjjjjjjjjjjjjjjf' for 'sm_120a'
         ptxas info    : Function properties for _Z24qk_int_sv_f8_attn_kernelILj128ELj64ELj32ELj64ELj64EL8DataType1EL16QuantGranularity2ELS1_2EfLb1E6__halfL11ComputeUnit1EL8MaskMode1ELb0ELb1ELb0ELb1EEvPaS5_S5_PT9_PfS8_S8_S8_S8_jjjjjjjjjjjjjjjf
             0 bytes stack frame, 0 bytes spill stores, 0 bytes spill loads
         ptxas info    : Used 248 registers, used 1 barriers
         ptxas info    : Compile time = 249.584 ms
         ptxas info    : Compiling entry function '_Z24qk_int_sv_f8_attn_kernelILj128ELj64ELj32ELj64ELj64EL8DataType1EL16QuantGranularity2ELS1_2EfLb1E13__nv_bfloat16L11ComputeUnit1EL8MaskMode1ELb1ELb1ELb0ELb1EEvPaS5_S5_PT9_PfS8_S8_S8_S8_jjjjjjjjjjjjjjjf' for 'sm_120a'
         ptxas info    : Function properties for _Z24qk_int_sv_f8_attn_kernelILj128ELj64ELj32ELj64ELj64EL8DataType1EL16QuantGranularity2ELS1_2EfLb1E13__nv_bfloat16L11ComputeUnit1EL8MaskMode1ELb1ELb1ELb0ELb1EEvPaS5_S5_PT9_PfS8_S8_S8_S8_jjjjjjjjjjjjjjjf
             32 bytes stack frame, 0 bytes spill stores, 0 bytes spill loads
         ptxas info    : Used 223 registers, used 1 barriers, 32 bytes cumulative stack size
         ptxas info    : Compile time = 252.963 ms
         ptxas info    : Compiling entry function '_Z24qk_int_sv_f8_attn_kernelILj128ELj64ELj32ELj64ELj64EL8DataType1EL16QuantGranularity2ELS1_2EfLb1E6__halfL11ComputeUnit1EL8MaskMode1ELb1ELb1ELb0ELb1EEvPaS5_S5_PT9_PfS8_S8_S8_S8_jjjjjjjjjjjjjjjf' for 'sm_120a'
         ptxas info    : Function properties for _Z24qk_int_sv_f8_attn_kernelILj128ELj64ELj32ELj64ELj64EL8DataType1EL16QuantGranularity2ELS1_2EfLb1E6__halfL11ComputeUnit1EL8MaskMode1ELb1ELb1ELb0ELb1EEvPaS5_S5_PT9_PfS8_S8_S8_S8_jjjjjjjjjjjjjjjf
             32 bytes stack frame, 0 bytes spill stores, 0 bytes spill loads
         ptxas info    : Used 223 registers, used 1 barriers, 32 bytes cumulative stack size
         ptxas info    : Compile time = 255.895 ms
         [4/8] /usr/local/cuda-13.0/bin/nvcc -MD -MF /tmp/qwen-sageattention-20261005/build/temp.linux-x86_64-cpython-312/sageattention._qattn_sm89/csrc/qattn/sm89_qk_int8_sv_f8_accum_f16_attn_inst_buf.o.d -I/opt/venv/lib/python3.12/site-packages/torch/include -I/opt/venv/lib/python3.12/site-packages/torch/include/torch/csrc/api/include -I/usr/local/cuda-13.0/include -I/opt/venv/include -I/root/.local/share/uv/python/cpython-3.12.15-linux-x86_64-gnu/include/python3.12 -c -c /tmp/qwen-sageattention-20261005/csrc/qattn/sm89_qk_int8_sv_f8_accum_f16_attn_inst_buf.cu -o /tmp/qwen-sageattention-20261005/build/temp.linux-x86_64-cpython-312/sageattention._qattn_sm89/csrc/qattn/sm89_qk_int8_sv_f8_accum_f16_attn_inst_buf.o -D__CUDA_NO_HALF_OPERATORS__ -D__CUDA_NO_HALF_CONVERSIONS__ -D__CUDA_NO_BFLOAT16_CONVERSIONS__ -D__CUDA_NO_HALF2_OPERATORS__ --expt-relaxed-constexpr --compiler-options ''"'"'-fPIC'"'"'' -O3 -std=c++17 -U__CUDA_NO_HALF_OPERATORS__ -U__CUDA_NO_HALF_CONVERSIONS__ --use_fast_math --threads=8 -Xptxas=-v -diag-suppress=174 -D_GLIBCXX_USE_CXX11_ABI=1 -gencode arch=compute_120a,code=sm_120a -DTORCH_API_INCLUDE_EXTENSION_H -DTORCH_EXTENSION_NAME=_qattn_sm89
         In file included from /tmp/qwen-sageattention-20261005/csrc/qattn/qk_int_sv_f8_cuda_sm89.cuh:17,
                          from /tmp/qwen-sageattention-20261005/csrc/qattn/sm89_qk_int8_sv_f8_accum_f16_attn_inst_buf.cu:2:
         /tmp/qwen-sageattention-20261005/csrc/qattn/../utils.cuh:36:37: warning: backslash-newline at end of file
            36 | #define CHECK_LASTDIM_CONTIGUOUS(x) \
               |                                      
         In file included from /tmp/qwen-sageattention-20261005/csrc/qattn/qk_int_sv_f8_cuda_sm89.cuh:17,
                          from /tmp/qwen-sageattention-20261005/csrc/qattn/sm89_qk_int8_sv_f8_accum_f16_attn_inst_buf.cu:2:
         /tmp/qwen-sageattention-20261005/csrc/qattn/../utils.cuh:36:37: warning: backslash-newline at end of file
            36 | #define CHECK_LASTDIM_CONTIGUOUS(x) \
               |                                      
         ptxas info    : 28 bytes gmem
         ptxas info    : Compiling entry function '_Z24qk_int_sv_f8_attn_kernelILj128ELj64ELj32ELj64ELj128EL8DataType1EL16QuantGranularity3ELS1_3EfLb1E13__nv_bfloat16L11ComputeUnit1EL8MaskMode0ELb0ELb0ELb0ELb1EEvPaS5_S5_PT9_PfS8_S8_S8_S8_jjjjjjjjjjjjjjjf' for 'sm_120a'
         ptxas info    : Function properties for _Z24qk_int_sv_f8_attn_kernelILj128ELj64ELj32ELj64ELj128EL8DataType1EL16QuantGranularity3ELS1_3EfLb1E13__nv_bfloat16L11ComputeUnit1EL8MaskMode0ELb0ELb0ELb0ELb1EEvPaS5_S5_PT9_PfS8_S8_S8_S8_jjjjjjjjjjjjjjjf
             32 bytes stack frame, 32 bytes spill stores, 32 bytes spill loads
         ptxas info    : Used 255 registers, used 1 barriers, 32 bytes cumulative stack size
         ptxas info    : Compile time = 358.436 ms
         ptxas info    : Compiling entry function '_Z24qk_int_sv_f8_attn_kernelILj128ELj64ELj32ELj64ELj128EL8DataType1EL16QuantGranularity3ELS1_3EfLb1E6__halfL11ComputeUnit1EL8MaskMode0ELb0ELb0ELb0ELb1EEvPaS5_S5_PT9_PfS8_S8_S8_S8_jjjjjjjjjjjjjjjf' for 'sm_120a'
         ptxas info    : Function properties for _Z24qk_int_sv_f8_attn_kernelILj128ELj64ELj32ELj64ELj128EL8DataType1EL16QuantGranularity3ELS1_3EfLb1E6__halfL11ComputeUnit1EL8MaskMode0ELb0ELb0ELb0ELb1EEvPaS5_S5_PT9_PfS8_S8_S8_S8_jjjjjjjjjjjjjjjf
             32 bytes stack frame, 32 bytes spill stores, 32 bytes spill loads
         ptxas info    : Used 255 registers, used 1 barriers, 32 bytes cumulative stack size
         ptxas info    : Compile time = 523.761 ms
         ptxas info    : Compiling entry function '_Z24qk_int_sv_f8_attn_kernelILj128ELj64ELj32ELj64ELj128EL8DataType1EL16QuantGranularity3ELS1_3EfLb1E13__nv_bfloat16L11ComputeUnit1EL8MaskMode0ELb1ELb0ELb0ELb1EEvPaS5_S5_PT9_PfS8_S8_S8_S8_jjjjjjjjjjjjjjjf' for 'sm_120a'
         ptxas info    : Function properties for _Z24qk_int_sv_f8_attn_kernelILj128ELj64ELj32ELj64ELj128EL8DataType1EL16QuantGranularity3ELS1_3EfLb1E13__nv_bfloat16L11ComputeUnit1EL8MaskMode0ELb1ELb0ELb0ELb1EEvPaS5_S5_PT9_PfS8_S8_S8_S8_jjjjjjjjjjjjjjjf
             64 bytes stack frame, 24 bytes spill stores, 24 bytes spill loads
         ptxas info    : Used 255 registers, used 1 barriers, 64 bytes cumulative stack size
         ptxas info    : Compile time = 659.709 ms
         ptxas info    : Compiling entry function '_Z24qk_int_sv_f8_attn_kernelILj128ELj64ELj32ELj64ELj128EL8DataType1EL16QuantGranularity3ELS1_3EfLb1E6__halfL11ComputeUnit1EL8MaskMode0ELb1ELb0ELb0ELb1EEvPaS5_S5_PT9_PfS8_S8_S8_S8_jjjjjjjjjjjjjjjf' for 'sm_120a'
         ptxas info    : Function properties for _Z24qk_int_sv_f8_attn_kernelILj128ELj64ELj32ELj64ELj128EL8DataType1EL16QuantGranularity3ELS1_3EfLb1E6__halfL11ComputeUnit1EL8MaskMode0ELb1ELb0ELb0ELb1EEvPaS5_S5_PT9_PfS8_S8_S8_S8_jjjjjjjjjjjjjjjf
             64 bytes stack frame, 24 bytes spill stores, 24 bytes spill loads
         ptxas info    : Used 255 registers, used 1 barriers, 64 bytes cumulative stack size
         ptxas info    : Compile time = 670.666 ms
         ptxas info    : Compiling entry function '_Z24qk_int_sv_f8_attn_kernelILj128ELj64ELj32ELj64ELj128EL8DataType1EL16QuantGranularity2ELS1_2EfLb1E13__nv_bfloat16L11ComputeUnit1EL8MaskMode0ELb0ELb0ELb0ELb1EEvPaS5_S5_PT9_PfS8_S8_S8_S8_jjjjjjjjjjjjjjjf' for 'sm_120a'
         ptxas info    : Function properties for _Z24qk_int_sv_f8_attn_kernelILj128ELj64ELj32ELj64ELj128EL8DataType1EL16QuantGranularity2ELS1_2EfLb1E13__nv_bfloat16L11ComputeUnit1EL8MaskMode0ELb0ELb0ELb0ELb1EEvPaS5_S5_PT9_PfS8_S8_S8_S8_jjjjjjjjjjjjjjjf
             40 bytes stack frame, 36 bytes spill stores, 36 bytes spill loads
         ptxas info    : Used 255 registers, used 1 barriers, 40 bytes cumulative stack size
         ptxas info    : Compile time = 528.136 ms
         ptxas info    : Compiling entry function '_Z24qk_int_sv_f8_attn_kernelILj128ELj64ELj32ELj64ELj128EL8DataType1EL16QuantGranularity2ELS1_2EfLb1E6__halfL11ComputeUnit1EL8MaskMode0ELb0ELb0ELb0ELb1EEvPaS5_S5_PT9_PfS8_S8_S8_S8_jjjjjjjjjjjjjjjf' for 'sm_120a'
         ptxas info    : Function properties for _Z24qk_int_sv_f8_attn_kernelILj128ELj64ELj32ELj64ELj128EL8DataType1EL16QuantGranularity2ELS1_2EfLb1E6__halfL11ComputeUnit1EL8MaskMode0ELb0ELb0ELb0ELb1EEvPaS5_S5_PT9_PfS8_S8_S8_S8_jjjjjjjjjjjjjjjf
             40 bytes stack frame, 36 bytes spill stores, 36 bytes spill loads
         ptxas info    : Used 255 registers, used 1 barriers, 40 bytes cumulative stack size
         ptxas info    : Compile time = 529.470 ms
         ptxas info    : Compiling entry function '_Z24qk_int_sv_f8_attn_kernelILj128ELj64ELj32ELj64ELj128EL8DataType1EL16QuantGranularity2ELS1_2EfLb1E13__nv_bfloat16L11ComputeUnit1EL8MaskMode0ELb1ELb0ELb0ELb1EEvPaS5_S5_PT9_PfS8_S8_S8_S8_jjjjjjjjjjjjjjjf' for 'sm_120a'
         ptxas info    : Function properties for _Z24qk_int_sv_f8_attn_kernelILj128ELj64ELj32ELj64ELj128EL8DataType1EL16QuantGranularity2ELS1_2EfLb1E13__nv_bfloat16L11ComputeUnit1EL8MaskMode0ELb1ELb0ELb0ELb1EEvPaS5_S5_PT9_PfS8_S8_S8_S8_jjjjjjjjjjjjjjjf
             64 bytes stack frame, 28 bytes spill stores, 28 bytes spill loads
         ptxas info    : Used 255 registers, used 1 barriers, 64 bytes cumulative stack size
         ptxas info    : Compile time = 640.191 ms
         ptxas info    : Compiling entry function '_Z24qk_int_sv_f8_attn_kernelILj128ELj64ELj32ELj64ELj128EL8DataType1EL16QuantGranularity2ELS1_2EfLb1E6__halfL11ComputeUnit1EL8MaskMode0ELb1ELb0ELb0ELb1EEvPaS5_S5_PT9_PfS8_S8_S8_S8_jjjjjjjjjjjjjjjf' for 'sm_120a'
         ptxas info    : Function properties for _Z24qk_int_sv_f8_attn_kernelILj128ELj64ELj32ELj64ELj128EL8DataType1EL16QuantGranularity2ELS1_2EfLb1E6__halfL11ComputeUnit1EL8MaskMode0ELb1ELb0ELb0ELb1EEvPaS5_S5_PT9_PfS8_S8_S8_S8_jjjjjjjjjjjjjjjf
             64 bytes stack frame, 28 bytes spill stores, 28 bytes spill loads
         ptxas info    : Used 255 registers, used 1 barriers, 64 bytes cumulative stack size
         ptxas info    : Compile time = 645.716 ms
         ptxas info    : Compiling entry function '_Z24qk_int_sv_f8_attn_kernelILj128ELj64ELj32ELj64ELj128EL8DataType1EL16QuantGranularity3ELS1_3EfLb1E13__nv_bfloat16L11ComputeUnit1EL8MaskMode1ELb0ELb0ELb0ELb1EEvPaS5_S5_PT9_PfS8_S8_S8_S8_jjjjjjjjjjjjjjjf' for 'sm_120a'
         ptxas info    : Function properties for _Z24qk_int_sv_f8_attn_kernelILj128ELj64ELj32ELj64ELj128EL8DataType1EL16QuantGranularity3ELS1_3EfLb1E13__nv_bfloat16L11ComputeUnit1EL8MaskMode1ELb0ELb0ELb0ELb1EEvPaS5_S5_PT9_PfS8_S8_S8_S8_jjjjjjjjjjjjjjjf
             16 bytes stack frame, 24 bytes spill stores, 24 bytes spill loads
         ptxas info    : Used 255 registers, used 1 barriers, 16 bytes cumulative stack size
         ptxas info    : Compile time = 647.209 ms
         ptxas info    : Compiling entry function '_Z24qk_int_sv_f8_attn_kernelILj128ELj64ELj32ELj64ELj128EL8DataType1EL16QuantGranularity3ELS1_3EfLb1E6__halfL11ComputeUnit1EL8MaskMode1ELb0ELb0ELb0ELb1EEvPaS5_S5_PT9_PfS8_S8_S8_S8_jjjjjjjjjjjjjjjf' for 'sm_120a'
         ptxas info    : Function properties for _Z24qk_int_sv_f8_attn_kernelILj128ELj64ELj32ELj64ELj128EL8DataType1EL16QuantGranularity3ELS1_3EfLb1E6__halfL11ComputeUnit1EL8MaskMode1ELb0ELb0ELb0ELb1EEvPaS5_S5_PT9_PfS8_S8_S8_S8_jjjjjjjjjjjjjjjf
             16 bytes stack frame, 24 bytes spill stores, 24 bytes spill loads
         ptxas info    : Used 255 registers, used 1 barriers, 16 bytes cumulative stack size
         ptxas info    : Compile time = 643.420 ms
         ptxas info    : Compiling entry function '_Z24qk_int_sv_f8_attn_kernelILj128ELj64ELj32ELj64ELj128EL8DataType1EL16QuantGranularity3ELS1_3EfLb1E13__nv_bfloat16L11ComputeUnit1EL8MaskMode1ELb1ELb0ELb0ELb1EEvPaS5_S5_PT9_PfS8_S8_S8_S8_jjjjjjjjjjjjjjjf' for 'sm_120a'
         ptxas info    : Function properties for _Z24qk_int_sv_f8_attn_kernelILj128ELj64ELj32ELj64ELj128EL8DataType1EL16QuantGranularity3ELS1_3EfLb1E13__nv_bfloat16L11ComputeUnit1EL8MaskMode1ELb1ELb0ELb0ELb1EEvPaS5_S5_PT9_PfS8_S8_S8_S8_jjjjjjjjjjjjjjjf
             32 bytes stack frame, 0 bytes spill stores, 0 bytes spill loads
         ptxas info    : Used 255 registers, used 1 barriers, 32 bytes cumulative stack size
         ptxas info    : Compile time = 645.444 ms
         ptxas info    : Compiling entry function '_Z24qk_int_sv_f8_attn_kernelILj128ELj64ELj32ELj64ELj128EL8DataType1EL16QuantGranularity3ELS1_3EfLb1E6__halfL11ComputeUnit1EL8MaskMode1ELb1ELb0ELb0ELb1EEvPaS5_S5_PT9_PfS8_S8_S8_S8_jjjjjjjjjjjjjjjf' for 'sm_120a'
         ptxas info    : Function properties for _Z24qk_int_sv_f8_attn_kernelILj128ELj64ELj32ELj64ELj128EL8DataType1EL16QuantGranularity3ELS1_3EfLb1E6__halfL11ComputeUnit1EL8MaskMode1ELb1ELb0ELb0ELb1EEvPaS5_S5_PT9_PfS8_S8_S8_S8_jjjjjjjjjjjjjjjf
             32 bytes stack frame, 0 bytes spill stores, 0 bytes spill loads
         ptxas info    : Used 255 registers, used 1 barriers, 32 bytes cumulative stack size
         ptxas info    : Compile time = 645.472 ms
         ptxas info    : Compiling entry function '_Z24qk_int_sv_f8_attn_kernelILj128ELj64ELj32ELj64ELj128EL8DataType1EL16QuantGranularity2ELS1_2EfLb1E13__nv_bfloat16L11ComputeUnit1EL8MaskMode1ELb0ELb0ELb0ELb1EEvPaS5_S5_PT9_PfS8_S8_S8_S8_jjjjjjjjjjjjjjjf' for 'sm_120a'
         ptxas info    : Function properties for _Z24qk_int_sv_f8_attn_kernelILj128ELj64ELj32ELj64ELj128EL8DataType1EL16QuantGranularity2ELS1_2EfLb1E13__nv_bfloat16L11ComputeUnit1EL8MaskMode1ELb0ELb0ELb0ELb1EEvPaS5_S5_PT9_PfS8_S8_S8_S8_jjjjjjjjjjjjjjjf
             16 bytes stack frame, 24 bytes spill stores, 24 bytes spill loads
         ptxas info    : Used 255 registers, used 1 barriers, 16 bytes cumulative stack size
         ptxas info    : Compile time = 637.293 ms
         ptxas info    : Compiling entry function '_Z24qk_int_sv_f8_attn_kernelILj128ELj64ELj32ELj64ELj128EL8DataType1EL16QuantGranularity2ELS1_2EfLb1E6__halfL11ComputeUnit1EL8MaskMode1ELb0ELb0ELb0ELb1EEvPaS5_S5_PT9_PfS8_S8_S8_S8_jjjjjjjjjjjjjjjf' for 'sm_120a'
         ptxas info    : Function properties for _Z24qk_int_sv_f8_attn_kernelILj128ELj64ELj32ELj64ELj128EL8DataType1EL16QuantGranularity2ELS1_2EfLb1E6__halfL11ComputeUnit1EL8MaskMode1ELb0ELb0ELb0ELb1EEvPaS5_S5_PT9_PfS8_S8_S8_S8_jjjjjjjjjjjjjjjf
             16 bytes stack frame, 24 bytes spill stores, 24 bytes spill loads
         ptxas info    : Used 255 registers, used 1 barriers, 16 bytes cumulative stack size
         ptxas info    : Compile time = 634.500 ms
         ptxas info    : Compiling entry function '_Z24qk_int_sv_f8_attn_kernelILj128ELj64ELj32ELj64ELj128EL8DataType1EL16QuantGranularity2ELS1_2EfLb1E13__nv_bfloat16L11ComputeUnit1EL8MaskMode1ELb1ELb0ELb0ELb1EEvPaS5_S5_PT9_PfS8_S8_S8_S8_jjjjjjjjjjjjjjjf' for 'sm_120a'
         ptxas info    : Function properties for _Z24qk_int_sv_f8_attn_kernelILj128ELj64ELj32ELj64ELj128EL8DataType1EL16QuantGranularity2ELS1_2EfLb1E13__nv_bfloat16L11ComputeUnit1EL8MaskMode1ELb1ELb0ELb0ELb1EEvPaS5_S5_PT9_PfS8_S8_S8_S8_jjjjjjjjjjjjjjjf
             48 bytes stack frame, 8 bytes spill stores, 8 bytes spill loads
         ptxas info    : Used 255 registers, used 1 barriers, 48 bytes cumulative stack size
         ptxas info    : Compile time = 644.017 ms
         ptxas info    : Compiling entry function '_Z24qk_int_sv_f8_attn_kernelILj128ELj64ELj32ELj64ELj128EL8DataType1EL16QuantGranularity2ELS1_2EfLb1E6__halfL11ComputeUnit1EL8MaskMode1ELb1ELb0ELb0ELb1EEvPaS5_S5_PT9_PfS8_S8_S8_S8_jjjjjjjjjjjjjjjf' for 'sm_120a'
         ptxas info    : Function properties for _Z24qk_int_sv_f8_attn_kernelILj128ELj64ELj32ELj64ELj128EL8DataType1EL16QuantGranularity2ELS1_2EfLb1E6__halfL11ComputeUnit1EL8MaskMode1ELb1ELb0ELb0ELb1EEvPaS5_S5_PT9_PfS8_S8_S8_S8_jjjjjjjjjjjjjjjf
             48 bytes stack frame, 8 bytes spill stores, 8 bytes spill loads
         ptxas info    : Used 255 registers, used 1 barriers, 48 bytes cumulative stack size
         ptxas info    : Compile time = 640.186 ms
         ptxas info    : Compiling entry function '_Z24qk_int_sv_f8_attn_kernelILj128ELj64ELj32ELj64ELj64EL8DataType1EL16QuantGranularity3ELS1_3EfLb1E13__nv_bfloat16L11ComputeUnit1EL8MaskMode0ELb0ELb0ELb0ELb1EEvPaS5_S5_PT9_PfS8_S8_S8_S8_jjjjjjjjjjjjjjjf' for 'sm_120a'
         ptxas info    : Function properties for _Z24qk_int_sv_f8_attn_kernelILj128ELj64ELj32ELj64ELj64EL8DataType1EL16QuantGranularity3ELS1_3EfLb1E13__nv_bfloat16L11ComputeUnit1EL8MaskMode0ELb0ELb0ELb0ELb1EEvPaS5_S5_PT9_PfS8_S8_S8_S8_jjjjjjjjjjjjjjjf
             0 bytes stack frame, 0 bytes spill stores, 0 bytes spill loads
         ptxas info    : Used 226 registers, used 1 barriers
         ptxas info    : Compile time = 264.836 ms
         ptxas info    : Compiling entry function '_Z24qk_int_sv_f8_attn_kernelILj128ELj64ELj32ELj64ELj64EL8DataType1EL16QuantGranularity3ELS1_3EfLb1E6__halfL11ComputeUnit1EL8MaskMode0ELb0ELb0ELb0ELb1EEvPaS5_S5_PT9_PfS8_S8_S8_S8_jjjjjjjjjjjjjjjf' for 'sm_120a'
         ptxas info    : Function properties for _Z24qk_int_sv_f8_attn_kernelILj128ELj64ELj32ELj64ELj64EL8DataType1EL16QuantGranularity3ELS1_3EfLb1E6__halfL11ComputeUnit1EL8MaskMode0ELb0ELb0ELb0ELb1EEvPaS5_S5_PT9_PfS8_S8_S8_S8_jjjjjjjjjjjjjjjf
             0 bytes stack frame, 0 bytes spill stores, 0 bytes spill loads
         ptxas info    : Used 226 registers, used 1 barriers
         ptxas info    : Compile time = 264.317 ms
         ptxas info    : Compiling entry function '_Z24qk_int_sv_f8_attn_kernelILj128ELj64ELj32ELj64ELj64EL8DataType1EL16QuantGranularity3ELS1_3EfLb1E13__nv_bfloat16L11ComputeUnit1EL8MaskMode0ELb1ELb0ELb0ELb1EEvPaS5_S5_PT9_PfS8_S8_S8_S8_jjjjjjjjjjjjjjjf' for 'sm_120a'
         ptxas info    : Function properties for _Z24qk_int_sv_f8_attn_kernelILj128ELj64ELj32ELj64ELj64EL8DataType1EL16QuantGranularity3ELS1_3EfLb1E13__nv_bfloat16L11ComputeUnit1EL8MaskMode0ELb1ELb0ELb0ELb1EEvPaS5_S5_PT9_PfS8_S8_S8_S8_jjjjjjjjjjjjjjjf
             32 bytes stack frame, 0 bytes spill stores, 0 bytes spill loads
         ptxas info    : Used 219 registers, used 1 barriers, 32 bytes cumulative stack size
         ptxas info    : Compile time = 269.503 ms
         ptxas info    : Compiling entry function '_Z24qk_int_sv_f8_attn_kernelILj128ELj64ELj32ELj64ELj64EL8DataType1EL16QuantGranularity3ELS1_3EfLb1E6__halfL11ComputeUnit1EL8MaskMode0ELb1ELb0ELb0ELb1EEvPaS5_S5_PT9_PfS8_S8_S8_S8_jjjjjjjjjjjjjjjf' for 'sm_120a'
         ptxas info    : Function properties for _Z24qk_int_sv_f8_attn_kernelILj128ELj64ELj32ELj64ELj64EL8DataType1EL16QuantGranularity3ELS1_3EfLb1E6__halfL11ComputeUnit1EL8MaskMode0ELb1ELb0ELb0ELb1EEvPaS5_S5_PT9_PfS8_S8_S8_S8_jjjjjjjjjjjjjjjf
             32 bytes stack frame, 0 bytes spill stores, 0 bytes spill loads
         ptxas info    : Used 219 registers, used 1 barriers, 32 bytes cumulative stack size
         ptxas info    : Compile time = 270.695 ms
         ptxas info    : Compiling entry function '_Z24qk_int_sv_f8_attn_kernelILj128ELj64ELj32ELj64ELj64EL8DataType1EL16QuantGranularity2ELS1_2EfLb1E13__nv_bfloat16L11ComputeUnit1EL8MaskMode0ELb0ELb0ELb0ELb1EEvPaS5_S5_PT9_PfS8_S8_S8_S8_jjjjjjjjjjjjjjjf' for 'sm_120a'
         ptxas info    : Function properties for _Z24qk_int_sv_f8_attn_kernelILj128ELj64ELj32ELj64ELj64EL8DataType1EL16QuantGranularity2ELS1_2EfLb1E13__nv_bfloat16L11ComputeUnit1EL8MaskMode0ELb0ELb0ELb0ELb1EEvPaS5_S5_PT9_PfS8_S8_S8_S8_jjjjjjjjjjjjjjjf
             0 bytes stack frame, 0 bytes spill stores, 0 bytes spill loads
         ptxas info    : Used 225 registers, used 1 barriers
         ptxas info    : Compile time = 265.277 ms
         ptxas info    : Compiling entry function '_Z24qk_int_sv_f8_attn_kernelILj128ELj64ELj32ELj64ELj64EL8DataType1EL16QuantGranularity2ELS1_2EfLb1E6__halfL11ComputeUnit1EL8MaskMode0ELb0ELb0ELb0ELb1EEvPaS5_S5_PT9_PfS8_S8_S8_S8_jjjjjjjjjjjjjjjf' for 'sm_120a'
         ptxas info    : Function properties for _Z24qk_int_sv_f8_attn_kernelILj128ELj64ELj32ELj64ELj64EL8DataType1EL16QuantGranularity2ELS1_2EfLb1E6__halfL11ComputeUnit1EL8MaskMode0ELb0ELb0ELb0ELb1EEvPaS5_S5_PT9_PfS8_S8_S8_S8_jjjjjjjjjjjjjjjf
             0 bytes stack frame, 0 bytes spill stores, 0 bytes spill loads
         ptxas info    : Used 225 registers, used 1 barriers
         ptxas info    : Compile time = 263.305 ms
         ptxas info    : Compiling entry function '_Z24qk_int_sv_f8_attn_kernelILj128ELj64ELj32ELj64ELj64EL8DataType1EL16QuantGranularity2ELS1_2EfLb1E13__nv_bfloat16L11ComputeUnit1EL8MaskMode0ELb1ELb0ELb0ELb1EEvPaS5_S5_PT9_PfS8_S8_S8_S8_jjjjjjjjjjjjjjjf' for 'sm_120a'
         ptxas info    : Function properties for _Z24qk_int_sv_f8_attn_kernelILj128ELj64ELj32ELj64ELj64EL8DataType1EL16QuantGranularity2ELS1_2EfLb1E13__nv_bfloat16L11ComputeUnit1EL8MaskMode0ELb1ELb0ELb0ELb1EEvPaS5_S5_PT9_PfS8_S8_S8_S8_jjjjjjjjjjjjjjjf
             32 bytes stack frame, 0 bytes spill stores, 0 bytes spill loads
         ptxas info    : Used 225 registers, used 1 barriers, 32 bytes cumulative stack size
         ptxas info    : Compile time = 269.083 ms
         ptxas info    : Compiling entry function '_Z24qk_int_sv_f8_attn_kernelILj128ELj64ELj32ELj64ELj64EL8DataType1EL16QuantGranularity2ELS1_2EfLb1E6__halfL11ComputeUnit1EL8MaskMode0ELb1ELb0ELb0ELb1EEvPaS5_S5_PT9_PfS8_S8_S8_S8_jjjjjjjjjjjjjjjf' for 'sm_120a'
         ptxas info    : Function properties for _Z24qk_int_sv_f8_attn_kernelILj128ELj64ELj32ELj64ELj64EL8DataType1EL16QuantGranularity2ELS1_2EfLb1E6__halfL11ComputeUnit1EL8MaskMode0ELb1ELb0ELb0ELb1EEvPaS5_S5_PT9_PfS8_S8_S8_S8_jjjjjjjjjjjjjjjf
             32 bytes stack frame, 0 bytes spill stores, 0 bytes spill loads
         ptxas info    : Used 225 registers, used 1 barriers, 32 bytes cumulative stack size
         ptxas info    : Compile time = 271.645 ms
         ptxas info    : Compiling entry function '_Z24qk_int_sv_f8_attn_kernelILj128ELj64ELj32ELj64ELj64EL8DataType1EL16QuantGranularity3ELS1_3EfLb1E13__nv_bfloat16L11ComputeUnit1EL8MaskMode1ELb0ELb0ELb0ELb1EEvPaS5_S5_PT9_PfS8_S8_S8_S8_jjjjjjjjjjjjjjjf' for 'sm_120a'
         ptxas info    : Function properties for _Z24qk_int_sv_f8_attn_kernelILj128ELj64ELj32ELj64ELj64EL8DataType1EL16QuantGranularity3ELS1_3EfLb1E13__nv_bfloat16L11ComputeUnit1EL8MaskMode1ELb0ELb0ELb0ELb1EEvPaS5_S5_PT9_PfS8_S8_S8_S8_jjjjjjjjjjjjjjjf
             0 bytes stack frame, 0 bytes spill stores, 0 bytes spill loads
         ptxas info    : Used 246 registers, used 1 barriers
         ptxas info    : Compile time = 277.988 ms
         ptxas info    : Compiling entry function '_Z24qk_int_sv_f8_attn_kernelILj128ELj64ELj32ELj64ELj64EL8DataType1EL16QuantGranularity3ELS1_3EfLb1E6__halfL11ComputeUnit1EL8MaskMode1ELb0ELb0ELb0ELb1EEvPaS5_S5_PT9_PfS8_S8_S8_S8_jjjjjjjjjjjjjjjf' for 'sm_120a'
         ptxas info    : Function properties for _Z24qk_int_sv_f8_attn_kernelILj128ELj64ELj32ELj64ELj64EL8DataType1EL16QuantGranularity3ELS1_3EfLb1E6__halfL11ComputeUnit1EL8MaskMode1ELb0ELb0ELb0ELb1EEvPaS5_S5_PT9_PfS8_S8_S8_S8_jjjjjjjjjjjjjjjf
             0 bytes stack frame, 0 bytes spill stores, 0 bytes spill loads
         ptxas info    : Used 246 registers, used 1 barriers
         ptxas info    : Compile time = 269.533 ms
         ptxas info    : Compiling entry function '_Z24qk_int_sv_f8_attn_kernelILj128ELj64ELj32ELj64ELj64EL8DataType1EL16QuantGranularity3ELS1_3EfLb1E13__nv_bfloat16L11ComputeUnit1EL8MaskMode1ELb1ELb0ELb0ELb1EEvPaS5_S5_PT9_PfS8_S8_S8_S8_jjjjjjjjjjjjjjjf' for 'sm_120a'
         ptxas info    : Function properties for _Z24qk_int_sv_f8_attn_kernelILj128ELj64ELj32ELj64ELj64EL8DataType1EL16QuantGranularity3ELS1_3EfLb1E13__nv_bfloat16L11ComputeUnit1EL8MaskMode1ELb1ELb0ELb0ELb1EEvPaS5_S5_PT9_PfS8_S8_S8_S8_jjjjjjjjjjjjjjjf
             32 bytes stack frame, 0 bytes spill stores, 0 bytes spill loads
         ptxas info    : Used 242 registers, used 1 barriers, 32 bytes cumulative stack size
         ptxas info    : Compile time = 289.374 ms
         ptxas info    : Compiling entry function '_Z24qk_int_sv_f8_attn_kernelILj128ELj64ELj32ELj64ELj64EL8DataType1EL16QuantGranularity3ELS1_3EfLb1E6__halfL11ComputeUnit1EL8MaskMode1ELb1ELb0ELb0ELb1EEvPaS5_S5_PT9_PfS8_S8_S8_S8_jjjjjjjjjjjjjjjf' for 'sm_120a'
         ptxas info    : Function properties for _Z24qk_int_sv_f8_attn_kernelILj128ELj64ELj32ELj64ELj64EL8DataType1EL16QuantGranularity3ELS1_3EfLb1E6__halfL11ComputeUnit1EL8MaskMode1ELb1ELb0ELb0ELb1EEvPaS5_S5_PT9_PfS8_S8_S8_S8_jjjjjjjjjjjjjjjf
             32 bytes stack frame, 0 bytes spill stores, 0 bytes spill loads
         ptxas info    : Used 242 registers, used 1 barriers, 32 bytes cumulative stack size
         ptxas info    : Compile time = 288.314 ms
         ptxas info    : Compiling entry function '_Z24qk_int_sv_f8_attn_kernelILj128ELj64ELj32ELj64ELj64EL8DataType1EL16QuantGranularity2ELS1_2EfLb1E13__nv_bfloat16L11ComputeUnit1EL8MaskMode1ELb0ELb0ELb0ELb1EEvPaS5_S5_PT9_PfS8_S8_S8_S8_jjjjjjjjjjjjjjjf' for 'sm_120a'
         ptxas info    : Function properties for _Z24qk_int_sv_f8_attn_kernelILj128ELj64ELj32ELj64ELj64EL8DataType1EL16QuantGranularity2ELS1_2EfLb1E13__nv_bfloat16L11ComputeUnit1EL8MaskMode1ELb0ELb0ELb0ELb1EEvPaS5_S5_PT9_PfS8_S8_S8_S8_jjjjjjjjjjjjjjjf
             0 bytes stack frame, 0 bytes spill stores, 0 bytes spill loads
         ptxas info    : Used 246 registers, used 1 barriers
         ptxas info    : Compile time = 283.993 ms
         ptxas info    : Compiling entry function '_Z24qk_int_sv_f8_attn_kernelILj128ELj64ELj32ELj64ELj64EL8DataType1EL16QuantGranularity2ELS1_2EfLb1E6__halfL11ComputeUnit1EL8MaskMode1ELb0ELb0ELb0ELb1EEvPaS5_S5_PT9_PfS8_S8_S8_S8_jjjjjjjjjjjjjjjf' for 'sm_120a'
         ptxas info    : Function properties for _Z24qk_int_sv_f8_attn_kernelILj128ELj64ELj32ELj64ELj64EL8DataType1EL16QuantGranularity2ELS1_2EfLb1E6__halfL11ComputeUnit1EL8MaskMode1ELb0ELb0ELb0ELb1EEvPaS5_S5_PT9_PfS8_S8_S8_S8_jjjjjjjjjjjjjjjf
             0 bytes stack frame, 0 bytes spill stores, 0 bytes spill loads
         ptxas info    : Used 246 registers, used 1 barriers
         ptxas info    : Compile time = 285.722 ms
         ptxas info    : Compiling entry function '_Z24qk_int_sv_f8_attn_kernelILj128ELj64ELj32ELj64ELj64EL8DataType1EL16QuantGranularity2ELS1_2EfLb1E13__nv_bfloat16L11ComputeUnit1EL8MaskMode1ELb1ELb0ELb0ELb1EEvPaS5_S5_PT9_PfS8_S8_S8_S8_jjjjjjjjjjjjjjjf' for 'sm_120a'
         ptxas info    : Function properties for _Z24qk_int_sv_f8_attn_kernelILj128ELj64ELj32ELj64ELj64EL8DataType1EL16QuantGranularity2ELS1_2EfLb1E13__nv_bfloat16L11ComputeUnit1EL8MaskMode1ELb1ELb0ELb0ELb1EEvPaS5_S5_PT9_PfS8_S8_S8_S8_jjjjjjjjjjjjjjjf
             32 bytes stack frame, 0 bytes spill stores, 0 bytes spill loads
         ptxas info    : Used 229 registers, used 1 barriers, 32 bytes cumulative stack size
         ptxas info    : Compile time = 293.310 ms
         ptxas info    : Compiling entry function '_Z24qk_int_sv_f8_attn_kernelILj128ELj64ELj32ELj64ELj64EL8DataType1EL16QuantGranularity2ELS1_2EfLb1E6__halfL11ComputeUnit1EL8MaskMode1ELb1ELb0ELb0ELb1EEvPaS5_S5_PT9_PfS8_S8_S8_S8_jjjjjjjjjjjjjjjf' for 'sm_120a'
         ptxas info    : Function properties for _Z24qk_int_sv_f8_attn_kernelILj128ELj64ELj32ELj64ELj64EL8DataType1EL16QuantGranularity2ELS1_2EfLb1E6__halfL11ComputeUnit1EL8MaskMode1ELb1ELb0ELb0ELb1EEvPaS5_S5_PT9_PfS8_S8_S8_S8_jjjjjjjjjjjjjjjf
             32 bytes stack frame, 0 bytes spill stores, 0 bytes spill loads
         ptxas info    : Used 229 registers, used 1 barriers, 32 bytes cumulative stack size
         ptxas info    : Compile time = 293.187 ms
         [5/8] /usr/local/cuda-13.0/bin/nvcc -MD -MF /tmp/qwen-sageattention-20261005/build/temp.linux-x86_64-cpython-312/sageattention._qattn_sm89/csrc/qattn/sm89_qk_int8_sv_f8_accum_f32_attn_inst_buf.o.d -I/opt/venv/lib/python3.12/site-packages/torch/include -I/opt/venv/lib/python3.12/site-packages/torch/include/torch/csrc/api/include -I/usr/local/cuda-13.0/include -I/opt/venv/include -I/root/.local/share/uv/python/cpython-3.12.15-linux-x86_64-gnu/include/python3.12 -c -c /tmp/qwen-sageattention-20261005/csrc/qattn/sm89_qk_int8_sv_f8_accum_f32_attn_inst_buf.cu -o /tmp/qwen-sageattention-20261005/build/temp.linux-x86_64-cpython-312/sageattention._qattn_sm89/csrc/qattn/sm89_qk_int8_sv_f8_accum_f32_attn_inst_buf.o -D__CUDA_NO_HALF_OPERATORS__ -D__CUDA_NO_HALF_CONVERSIONS__ -D__CUDA_NO_BFLOAT16_CONVERSIONS__ -D__CUDA_NO_HALF2_OPERATORS__ --expt-relaxed-constexpr --compiler-options ''"'"'-fPIC'"'"'' -O3 -std=c++17 -U__CUDA_NO_HALF_OPERATORS__ -U__CUDA_NO_HALF_CONVERSIONS__ --use_fast_math --threads=8 -Xptxas=-v -diag-suppress=174 -D_GLIBCXX_USE_CXX11_ABI=1 -gencode arch=compute_120a,code=sm_120a -DTORCH_API_INCLUDE_EXTENSION_H -DTORCH_EXTENSION_NAME=_qattn_sm89
         In file included from /tmp/qwen-sageattention-20261005/csrc/qattn/qk_int_sv_f8_cuda_sm89.cuh:17,
                          from /tmp/qwen-sageattention-20261005/csrc/qattn/sm89_qk_int8_sv_f8_accum_f32_attn_inst_buf.cu:2:
         /tmp/qwen-sageattention-20261005/csrc/qattn/../utils.cuh:36:37: warning: backslash-newline at end of file
            36 | #define CHECK_LASTDIM_CONTIGUOUS(x) \
               |                                      
         In file included from /tmp/qwen-sageattention-20261005/csrc/qattn/qk_int_sv_f8_cuda_sm89.cuh:17,
                          from /tmp/qwen-sageattention-20261005/csrc/qattn/sm89_qk_int8_sv_f8_accum_f32_attn_inst_buf.cu:2:
         /tmp/qwen-sageattention-20261005/csrc/qattn/../utils.cuh:36:37: warning: backslash-newline at end of file
            36 | #define CHECK_LASTDIM_CONTIGUOUS(x) \
               |                                      
         ptxas info    : 28 bytes gmem
         ptxas info    : Compiling entry function '_Z24qk_int_sv_f8_attn_kernelILj128ELj64ELj32ELj64ELj128EL8DataType1EL16QuantGranularity3ELS1_3EfLb1E13__nv_bfloat16L11ComputeUnit1EL8MaskMode0ELb0ELb0ELb0ELb0EEvPaS5_S5_PT9_PfS8_S8_S8_S8_jjjjjjjjjjjjjjjf' for 'sm_120a'
         ptxas info    : Function properties for _Z24qk_int_sv_f8_attn_kernelILj128ELj64ELj32ELj64ELj128EL8DataType1EL16QuantGranularity3ELS1_3EfLb1E13__nv_bfloat16L11ComputeUnit1EL8MaskMode0ELb0ELb0ELb0ELb0EEvPaS5_S5_PT9_PfS8_S8_S8_S8_jjjjjjjjjjjjjjjf
             0 bytes stack frame, 0 bytes spill stores, 0 bytes spill loads
         ptxas info    : Used 255 registers, used 1 barriers
         ptxas info    : Compile time = 521.930 ms
         ptxas info    : Compiling entry function '_Z24qk_int_sv_f8_attn_kernelILj128ELj64ELj32ELj64ELj128EL8DataType1EL16QuantGranularity3ELS1_3EfLb1E6__halfL11ComputeUnit1EL8MaskMode0ELb0ELb0ELb0ELb0EEvPaS5_S5_PT9_PfS8_S8_S8_S8_jjjjjjjjjjjjjjjf' for 'sm_120a'
         ptxas info    : Function properties for _Z24qk_int_sv_f8_attn_kernelILj128ELj64ELj32ELj64ELj128EL8DataType1EL16QuantGranularity3ELS1_3EfLb1E6__halfL11ComputeUnit1EL8MaskMode0ELb0ELb0ELb0ELb0EEvPaS5_S5_PT9_PfS8_S8_S8_S8_jjjjjjjjjjjjjjjf
             0 bytes stack frame, 0 bytes spill stores, 0 bytes spill loads
         ptxas info    : Used 255 registers, used 1 barriers
         ptxas info    : Compile time = 525.414 ms
         ptxas info    : Compiling entry function '_Z24qk_int_sv_f8_attn_kernelILj128ELj64ELj32ELj64ELj128EL8DataType1EL16QuantGranularity3ELS1_3EfLb1E13__nv_bfloat16L11ComputeUnit1EL8MaskMode0ELb1ELb0ELb0ELb0EEvPaS5_S5_PT9_PfS8_S8_S8_S8_jjjjjjjjjjjjjjjf' for 'sm_120a'
         ptxas info    : Function properties for _Z24qk_int_sv_f8_attn_kernelILj128ELj64ELj32ELj64ELj128EL8DataType1EL16QuantGranularity3ELS1_3EfLb1E13__nv_bfloat16L11ComputeUnit1EL8MaskMode0ELb1ELb0ELb0ELb0EEvPaS5_S5_PT9_PfS8_S8_S8_S8_jjjjjjjjjjjjjjjf
             32 bytes stack frame, 0 bytes spill stores, 0 bytes spill loads
         ptxas info    : Used 255 registers, used 1 barriers, 32 bytes cumulative stack size
         ptxas info    : Compile time = 528.283 ms
         ptxas info    : Compiling entry function '_Z24qk_int_sv_f8_attn_kernelILj128ELj64ELj32ELj64ELj128EL8DataType1EL16QuantGranularity3ELS1_3EfLb1E6__halfL11ComputeUnit1EL8MaskMode0ELb1ELb0ELb0ELb0EEvPaS5_S5_PT9_PfS8_S8_S8_S8_jjjjjjjjjjjjjjjf' for 'sm_120a'
         ptxas info    : Function properties for _Z24qk_int_sv_f8_attn_kernelILj128ELj64ELj32ELj64ELj128EL8DataType1EL16QuantGranularity3ELS1_3EfLb1E6__halfL11ComputeUnit1EL8MaskMode0ELb1ELb0ELb0ELb0EEvPaS5_S5_PT9_PfS8_S8_S8_S8_jjjjjjjjjjjjjjjf
             32 bytes stack frame, 0 bytes spill stores, 0 bytes spill loads
         ptxas info    : Used 255 registers, used 1 barriers, 32 bytes cumulative stack size
         ptxas info    : Compile time = 523.268 ms
         ptxas info    : Compiling entry function '_Z24qk_int_sv_f8_attn_kernelILj128ELj64ELj32ELj64ELj128EL8DataType1EL16QuantGranularity2ELS1_2EfLb1E13__nv_bfloat16L11ComputeUnit1EL8MaskMode0ELb0ELb0ELb0ELb0EEvPaS5_S5_PT9_PfS8_S8_S8_S8_jjjjjjjjjjjjjjjf' for 'sm_120a'
         ptxas info    : Function properties for _Z24qk_int_sv_f8_attn_kernelILj128ELj64ELj32ELj64ELj128EL8DataType1EL16QuantGranularity2ELS1_2EfLb1E13__nv_bfloat16L11ComputeUnit1EL8MaskMode0ELb0ELb0ELb0ELb0EEvPaS5_S5_PT9_PfS8_S8_S8_S8_jjjjjjjjjjjjjjjf
             0 bytes stack frame, 0 bytes spill stores, 0 bytes spill loads
         ptxas info    : Used 255 registers, used 1 barriers
         ptxas info    : Compile time = 458.199 ms
         ptxas info    : Compiling entry function '_Z24qk_int_sv_f8_attn_kernelILj128ELj64ELj32ELj64ELj128EL8DataType1EL16QuantGranularity2ELS1_2EfLb1E6__halfL11ComputeUnit1EL8MaskMode0ELb0ELb0ELb0ELb0EEvPaS5_S5_PT9_PfS8_S8_S8_S8_jjjjjjjjjjjjjjjf' for 'sm_120a'
         ptxas info    : Function properties for _Z24qk_int_sv_f8_attn_kernelILj128ELj64ELj32ELj64ELj128EL8DataType1EL16QuantGranularity2ELS1_2EfLb1E6__halfL11ComputeUnit1EL8MaskMode0ELb0ELb0ELb0ELb0EEvPaS5_S5_PT9_PfS8_S8_S8_S8_jjjjjjjjjjjjjjjf
             0 bytes stack frame, 0 bytes spill stores, 0 bytes spill loads
         ptxas info    : Used 255 registers, used 1 barriers
         ptxas info    : Compile time = 370.991 ms
         ptxas info    : Compiling entry function '_Z24qk_int_sv_f8_attn_kernelILj128ELj64ELj32ELj64ELj128EL8DataType1EL16QuantGranularity2ELS1_2EfLb1E13__nv_bfloat16L11ComputeUnit1EL8MaskMode0ELb1ELb0ELb0ELb0EEvPaS5_S5_PT9_PfS8_S8_S8_S8_jjjjjjjjjjjjjjjf' for 'sm_120a'
         ptxas info    : Function properties for _Z24qk_int_sv_f8_attn_kernelILj128ELj64ELj32ELj64ELj128EL8DataType1EL16QuantGranularity2ELS1_2EfLb1E13__nv_bfloat16L11ComputeUnit1EL8MaskMode0ELb1ELb0ELb0ELb0EEvPaS5_S5_PT9_PfS8_S8_S8_S8_jjjjjjjjjjjjjjjf
             32 bytes stack frame, 0 bytes spill stores, 0 bytes spill loads
         ptxas info    : Used 255 registers, used 1 barriers, 32 bytes cumulative stack size
         ptxas info    : Compile time = 374.388 ms
         ptxas info    : Compiling entry function '_Z24qk_int_sv_f8_attn_kernelILj128ELj64ELj32ELj64ELj128EL8DataType1EL16QuantGranularity2ELS1_2EfLb1E6__halfL11ComputeUnit1EL8MaskMode0ELb1ELb0ELb0ELb0EEvPaS5_S5_PT9_PfS8_S8_S8_S8_jjjjjjjjjjjjjjjf' for 'sm_120a'
         ptxas info    : Function properties for _Z24qk_int_sv_f8_attn_kernelILj128ELj64ELj32ELj64ELj128EL8DataType1EL16QuantGranularity2ELS1_2EfLb1E6__halfL11ComputeUnit1EL8MaskMode0ELb1ELb0ELb0ELb0EEvPaS5_S5_PT9_PfS8_S8_S8_S8_jjjjjjjjjjjjjjjf
             32 bytes stack frame, 0 bytes spill stores, 0 bytes spill loads
         ptxas info    : Used 255 registers, used 1 barriers, 32 bytes cumulative stack size
         ptxas info    : Compile time = 371.183 ms
         ptxas info    : Compiling entry function '_Z24qk_int_sv_f8_attn_kernelILj128ELj64ELj32ELj64ELj128EL8DataType1EL16QuantGranularity3ELS1_3EfLb1E13__nv_bfloat16L11ComputeUnit1EL8MaskMode1ELb0ELb0ELb0ELb0EEvPaS5_S5_PT9_PfS8_S8_S8_S8_jjjjjjjjjjjjjjjf' for 'sm_120a'
         ptxas info    : Function properties for _Z24qk_int_sv_f8_attn_kernelILj128ELj64ELj32ELj64ELj128EL8DataType1EL16QuantGranularity3ELS1_3EfLb1E13__nv_bfloat16L11ComputeUnit1EL8MaskMode1ELb0ELb0ELb0ELb0EEvPaS5_S5_PT9_PfS8_S8_S8_S8_jjjjjjjjjjjjjjjf
             0 bytes stack frame, 0 bytes spill stores, 0 bytes spill loads
         ptxas info    : Used 255 registers, used 1 barriers
         ptxas info    : Compile time = 378.138 ms
         ptxas info    : Compiling entry function '_Z24qk_int_sv_f8_attn_kernelILj128ELj64ELj32ELj64ELj128EL8DataType1EL16QuantGranularity3ELS1_3EfLb1E6__halfL11ComputeUnit1EL8MaskMode1ELb0ELb0ELb0ELb0EEvPaS5_S5_PT9_PfS8_S8_S8_S8_jjjjjjjjjjjjjjjf' for 'sm_120a'
         ptxas info    : Function properties for _Z24qk_int_sv_f8_attn_kernelILj128ELj64ELj32ELj64ELj128EL8DataType1EL16QuantGranularity3ELS1_3EfLb1E6__halfL11ComputeUnit1EL8MaskMode1ELb0ELb0ELb0ELb0EEvPaS5_S5_PT9_PfS8_S8_S8_S8_jjjjjjjjjjjjjjjf
             0 bytes stack frame, 0 bytes spill stores, 0 bytes spill loads
         ptxas info    : Used 255 registers, used 1 barriers
         ptxas info    : Compile time = 378.898 ms
         ptxas info    : Compiling entry function '_Z24qk_int_sv_f8_attn_kernelILj128ELj64ELj32ELj64ELj128EL8DataType1EL16QuantGranularity3ELS1_3EfLb1E13__nv_bfloat16L11ComputeUnit1EL8MaskMode1ELb1ELb0ELb0ELb0EEvPaS5_S5_PT9_PfS8_S8_S8_S8_jjjjjjjjjjjjjjjf' for 'sm_120a'
         ptxas info    : Function properties for _Z24qk_int_sv_f8_attn_kernelILj128ELj64ELj32ELj64ELj128EL8DataType1EL16QuantGranularity3ELS1_3EfLb1E13__nv_bfloat16L11ComputeUnit1EL8MaskMode1ELb1ELb0ELb0ELb0EEvPaS5_S5_PT9_PfS8_S8_S8_S8_jjjjjjjjjjjjjjjf
             32 bytes stack frame, 0 bytes spill stores, 0 bytes spill loads
         ptxas info    : Used 255 registers, used 1 barriers, 32 bytes cumulative stack size
         ptxas info    : Compile time = 388.075 ms
         ptxas info    : Compiling entry function '_Z24qk_int_sv_f8_attn_kernelILj128ELj64ELj32ELj64ELj128EL8DataType1EL16QuantGranularity3ELS1_3EfLb1E6__halfL11ComputeUnit1EL8MaskMode1ELb1ELb0ELb0ELb0EEvPaS5_S5_PT9_PfS8_S8_S8_S8_jjjjjjjjjjjjjjjf' for 'sm_120a'
         ptxas info    : Function properties for _Z24qk_int_sv_f8_attn_kernelILj128ELj64ELj32ELj64ELj128EL8DataType1EL16QuantGranularity3ELS1_3EfLb1E6__halfL11ComputeUnit1EL8MaskMode1ELb1ELb0ELb0ELb0EEvPaS5_S5_PT9_PfS8_S8_S8_S8_jjjjjjjjjjjjjjjf
             32 bytes stack frame, 0 bytes spill stores, 0 bytes spill loads
         ptxas info    : Used 255 registers, used 1 barriers, 32 bytes cumulative stack size
         ptxas info    : Compile time = 387.904 ms
         ptxas info    : Compiling entry function '_Z24qk_int_sv_f8_attn_kernelILj128ELj64ELj32ELj64ELj128EL8DataType1EL16QuantGranularity2ELS1_2EfLb1E13__nv_bfloat16L11ComputeUnit1EL8MaskMode1ELb0ELb0ELb0ELb0EEvPaS5_S5_PT9_PfS8_S8_S8_S8_jjjjjjjjjjjjjjjf' for 'sm_120a'
         ptxas info    : Function properties for _Z24qk_int_sv_f8_attn_kernelILj128ELj64ELj32ELj64ELj128EL8DataType1EL16QuantGranularity2ELS1_2EfLb1E13__nv_bfloat16L11ComputeUnit1EL8MaskMode1ELb0ELb0ELb0ELb0EEvPaS5_S5_PT9_PfS8_S8_S8_S8_jjjjjjjjjjjjjjjf
             32 bytes stack frame, 28 bytes spill stores, 28 bytes spill loads
         ptxas info    : Used 255 registers, used 1 barriers, 32 bytes cumulative stack size
         ptxas info    : Compile time = 384.997 ms
         ptxas info    : Compiling entry function '_Z24qk_int_sv_f8_attn_kernelILj128ELj64ELj32ELj64ELj128EL8DataType1EL16QuantGranularity2ELS1_2EfLb1E6__halfL11ComputeUnit1EL8MaskMode1ELb0ELb0ELb0ELb0EEvPaS5_S5_PT9_PfS8_S8_S8_S8_jjjjjjjjjjjjjjjf' for 'sm_120a'
         ptxas info    : Function properties for _Z24qk_int_sv_f8_attn_kernelILj128ELj64ELj32ELj64ELj128EL8DataType1EL16QuantGranularity2ELS1_2EfLb1E6__halfL11ComputeUnit1EL8MaskMode1ELb0ELb0ELb0ELb0EEvPaS5_S5_PT9_PfS8_S8_S8_S8_jjjjjjjjjjjjjjjf
             32 bytes stack frame, 28 bytes spill stores, 28 bytes spill loads
         ptxas info    : Used 255 registers, used 1 barriers, 32 bytes cumulative stack size
         ptxas info    : Compile time = 382.358 ms
         ptxas info    : Compiling entry function '_Z24qk_int_sv_f8_attn_kernelILj128ELj64ELj32ELj64ELj128EL8DataType1EL16QuantGranularity2ELS1_2EfLb1E13__nv_bfloat16L11ComputeUnit1EL8MaskMode1ELb1ELb0ELb0ELb0EEvPaS5_S5_PT9_PfS8_S8_S8_S8_jjjjjjjjjjjjjjjf' for 'sm_120a'
         ptxas info    : Function properties for _Z24qk_int_sv_f8_attn_kernelILj128ELj64ELj32ELj64ELj128EL8DataType1EL16QuantGranularity2ELS1_2EfLb1E13__nv_bfloat16L11ComputeUnit1EL8MaskMode1ELb1ELb0ELb0ELb0EEvPaS5_S5_PT9_PfS8_S8_S8_S8_jjjjjjjjjjjjjjjf
             32 bytes stack frame, 0 bytes spill stores, 0 bytes spill loads
         ptxas info    : Used 255 registers, used 1 barriers, 32 bytes cumulative stack size
         ptxas info    : Compile time = 384.972 ms
         ptxas info    : Compiling entry function '_Z24qk_int_sv_f8_attn_kernelILj128ELj64ELj32ELj64ELj128EL8DataType1EL16QuantGranularity2ELS1_2EfLb1E6__halfL11ComputeUnit1EL8MaskMode1ELb1ELb0ELb0ELb0EEvPaS5_S5_PT9_PfS8_S8_S8_S8_jjjjjjjjjjjjjjjf' for 'sm_120a'
         ptxas info    : Function properties for _Z24qk_int_sv_f8_attn_kernelILj128ELj64ELj32ELj64ELj128EL8DataType1EL16QuantGranularity2ELS1_2EfLb1E6__halfL11ComputeUnit1EL8MaskMode1ELb1ELb0ELb0ELb0EEvPaS5_S5_PT9_PfS8_S8_S8_S8_jjjjjjjjjjjjjjjf
             32 bytes stack frame, 0 bytes spill stores, 0 bytes spill loads
         ptxas info    : Used 255 registers, used 1 barriers, 32 bytes cumulative stack size
         ptxas info    : Compile time = 382.279 ms
         ptxas info    : Compiling entry function '_Z24qk_int_sv_f8_attn_kernelILj128ELj64ELj32ELj64ELj64EL8DataType1EL16QuantGranularity3ELS1_3EfLb1E13__nv_bfloat16L11ComputeUnit1EL8MaskMode0ELb0ELb0ELb0ELb0EEvPaS5_S5_PT9_PfS8_S8_S8_S8_jjjjjjjjjjjjjjjf' for 'sm_120a'
         ptxas info    : Function properties for _Z24qk_int_sv_f8_attn_kernelILj128ELj64ELj32ELj64ELj64EL8DataType1EL16QuantGranularity3ELS1_3EfLb1E13__nv_bfloat16L11ComputeUnit1EL8MaskMode0ELb0ELb0ELb0ELb0EEvPaS5_S5_PT9_PfS8_S8_S8_S8_jjjjjjjjjjjjjjjf
             0 bytes stack frame, 0 bytes spill stores, 0 bytes spill loads
         ptxas info    : Used 252 registers, used 1 barriers
         ptxas info    : Compile time = 161.362 ms
         ptxas info    : Compiling entry function '_Z24qk_int_sv_f8_attn_kernelILj128ELj64ELj32ELj64ELj64EL8DataType1EL16QuantGranularity3ELS1_3EfLb1E6__halfL11ComputeUnit1EL8MaskMode0ELb0ELb0ELb0ELb0EEvPaS5_S5_PT9_PfS8_S8_S8_S8_jjjjjjjjjjjjjjjf' for 'sm_120a'
         ptxas info    : Function properties for _Z24qk_int_sv_f8_attn_kernelILj128ELj64ELj32ELj64ELj64EL8DataType1EL16QuantGranularity3ELS1_3EfLb1E6__halfL11ComputeUnit1EL8MaskMode0ELb0ELb0ELb0ELb0EEvPaS5_S5_PT9_PfS8_S8_S8_S8_jjjjjjjjjjjjjjjf
             0 bytes stack frame, 0 bytes spill stores, 0 bytes spill loads
         ptxas info    : Used 252 registers, used 1 barriers
         ptxas info    : Compile time = 162.432 ms
         ptxas info    : Compiling entry function '_Z24qk_int_sv_f8_attn_kernelILj128ELj64ELj32ELj64ELj64EL8DataType1EL16QuantGranularity3ELS1_3EfLb1E13__nv_bfloat16L11ComputeUnit1EL8MaskMode0ELb1ELb0ELb0ELb0EEvPaS5_S5_PT9_PfS8_S8_S8_S8_jjjjjjjjjjjjjjjf' for 'sm_120a'
         ptxas info    : Function properties for _Z24qk_int_sv_f8_attn_kernelILj128ELj64ELj32ELj64ELj64EL8DataType1EL16QuantGranularity3ELS1_3EfLb1E13__nv_bfloat16L11ComputeUnit1EL8MaskMode0ELb1ELb0ELb0ELb0EEvPaS5_S5_PT9_PfS8_S8_S8_S8_jjjjjjjjjjjjjjjf
             32 bytes stack frame, 0 bytes spill stores, 0 bytes spill loads
         ptxas info    : Used 249 registers, used 1 barriers, 32 bytes cumulative stack size
         ptxas info    : Compile time = 167.665 ms
         ptxas info    : Compiling entry function '_Z24qk_int_sv_f8_attn_kernelILj128ELj64ELj32ELj64ELj64EL8DataType1EL16QuantGranularity3ELS1_3EfLb1E6__halfL11ComputeUnit1EL8MaskMode0ELb1ELb0ELb0ELb0EEvPaS5_S5_PT9_PfS8_S8_S8_S8_jjjjjjjjjjjjjjjf' for 'sm_120a'
         ptxas info    : Function properties for _Z24qk_int_sv_f8_attn_kernelILj128ELj64ELj32ELj64ELj64EL8DataType1EL16QuantGranularity3ELS1_3EfLb1E6__halfL11ComputeUnit1EL8MaskMode0ELb1ELb0ELb0ELb0EEvPaS5_S5_PT9_PfS8_S8_S8_S8_jjjjjjjjjjjjjjjf
             32 bytes stack frame, 0 bytes spill stores, 0 bytes spill loads
         ptxas info    : Used 249 registers, used 1 barriers, 32 bytes cumulative stack size
         ptxas info    : Compile time = 165.379 ms
         ptxas info    : Compiling entry function '_Z24qk_int_sv_f8_attn_kernelILj128ELj64ELj32ELj64ELj64EL8DataType1EL16QuantGranularity2ELS1_2EfLb1E13__nv_bfloat16L11ComputeUnit1EL8MaskMode0ELb0ELb0ELb0ELb0EEvPaS5_S5_PT9_PfS8_S8_S8_S8_jjjjjjjjjjjjjjjf' for 'sm_120a'
         ptxas info    : Function properties for _Z24qk_int_sv_f8_attn_kernelILj128ELj64ELj32ELj64ELj64EL8DataType1EL16QuantGranularity2ELS1_2EfLb1E13__nv_bfloat16L11ComputeUnit1EL8MaskMode0ELb0ELb0ELb0ELb0EEvPaS5_S5_PT9_PfS8_S8_S8_S8_jjjjjjjjjjjjjjjf
             0 bytes stack frame, 0 bytes spill stores, 0 bytes spill loads
         ptxas info    : Used 250 registers, used 1 barriers
         ptxas info    : Compile time = 163.502 ms
         ptxas info    : Compiling entry function '_Z24qk_int_sv_f8_attn_kernelILj128ELj64ELj32ELj64ELj64EL8DataType1EL16QuantGranularity2ELS1_2EfLb1E6__halfL11ComputeUnit1EL8MaskMode0ELb0ELb0ELb0ELb0EEvPaS5_S5_PT9_PfS8_S8_S8_S8_jjjjjjjjjjjjjjjf' for 'sm_120a'
         ptxas info    : Function properties for _Z24qk_int_sv_f8_attn_kernelILj128ELj64ELj32ELj64ELj64EL8DataType1EL16QuantGranularity2ELS1_2EfLb1E6__halfL11ComputeUnit1EL8MaskMode0ELb0ELb0ELb0ELb0EEvPaS5_S5_PT9_PfS8_S8_S8_S8_jjjjjjjjjjjjjjjf
             0 bytes stack frame, 0 bytes spill stores, 0 bytes spill loads
         ptxas info    : Used 250 registers, used 1 barriers
         ptxas info    : Compile time = 161.337 ms
         ptxas info    : Compiling entry function '_Z24qk_int_sv_f8_attn_kernelILj128ELj64ELj32ELj64ELj64EL8DataType1EL16QuantGranularity2ELS1_2EfLb1E13__nv_bfloat16L11ComputeUnit1EL8MaskMode0ELb1ELb0ELb0ELb0EEvPaS5_S5_PT9_PfS8_S8_S8_S8_jjjjjjjjjjjjjjjf' for 'sm_120a'
         ptxas info    : Function properties for _Z24qk_int_sv_f8_attn_kernelILj128ELj64ELj32ELj64ELj64EL8DataType1EL16QuantGranularity2ELS1_2EfLb1E13__nv_bfloat16L11ComputeUnit1EL8MaskMode0ELb1ELb0ELb0ELb0EEvPaS5_S5_PT9_PfS8_S8_S8_S8_jjjjjjjjjjjjjjjf
             32 bytes stack frame, 0 bytes spill stores, 0 bytes spill loads
         ptxas info    : Used 250 registers, used 1 barriers, 32 bytes cumulative stack size
         ptxas info    : Compile time = 163.789 ms
         ptxas info    : Compiling entry function '_Z24qk_int_sv_f8_attn_kernelILj128ELj64ELj32ELj64ELj64EL8DataType1EL16QuantGranularity2ELS1_2EfLb1E6__halfL11ComputeUnit1EL8MaskMode0ELb1ELb0ELb0ELb0EEvPaS5_S5_PT9_PfS8_S8_S8_S8_jjjjjjjjjjjjjjjf' for 'sm_120a'
         ptxas info    : Function properties for _Z24qk_int_sv_f8_attn_kernelILj128ELj64ELj32ELj64ELj64EL8DataType1EL16QuantGranularity2ELS1_2EfLb1E6__halfL11ComputeUnit1EL8MaskMode0ELb1ELb0ELb0ELb0EEvPaS5_S5_PT9_PfS8_S8_S8_S8_jjjjjjjjjjjjjjjf
             32 bytes stack frame, 0 bytes spill stores, 0 bytes spill loads
         ptxas info    : Used 250 registers, used 1 barriers, 32 bytes cumulative stack size
         ptxas info    : Compile time = 164.426 ms
         ptxas info    : Compiling entry function '_Z24qk_int_sv_f8_attn_kernelILj128ELj64ELj32ELj64ELj64EL8DataType1EL16QuantGranularity3ELS1_3EfLb1E13__nv_bfloat16L11ComputeUnit1EL8MaskMode1ELb0ELb0ELb0ELb0EEvPaS5_S5_PT9_PfS8_S8_S8_S8_jjjjjjjjjjjjjjjf' for 'sm_120a'
         ptxas info    : Function properties for _Z24qk_int_sv_f8_attn_kernelILj128ELj64ELj32ELj64ELj64EL8DataType1EL16QuantGranularity3ELS1_3EfLb1E13__nv_bfloat16L11ComputeUnit1EL8MaskMode1ELb0ELb0ELb0ELb0EEvPaS5_S5_PT9_PfS8_S8_S8_S8_jjjjjjjjjjjjjjjf
             0 bytes stack frame, 0 bytes spill stores, 0 bytes spill loads
         ptxas info    : Used 253 registers, used 1 barriers
         ptxas info    : Compile time = 176.962 ms
         ptxas info    : Compiling entry function '_Z24qk_int_sv_f8_attn_kernelILj128ELj64ELj32ELj64ELj64EL8DataType1EL16QuantGranularity3ELS1_3EfLb1E6__halfL11ComputeUnit1EL8MaskMode1ELb0ELb0ELb0ELb0EEvPaS5_S5_PT9_PfS8_S8_S8_S8_jjjjjjjjjjjjjjjf' for 'sm_120a'
         ptxas info    : Function properties for _Z24qk_int_sv_f8_attn_kernelILj128ELj64ELj32ELj64ELj64EL8DataType1EL16QuantGranularity3ELS1_3EfLb1E6__halfL11ComputeUnit1EL8MaskMode1ELb0ELb0ELb0ELb0EEvPaS5_S5_PT9_PfS8_S8_S8_S8_jjjjjjjjjjjjjjjf
             0 bytes stack frame, 0 bytes spill stores, 0 bytes spill loads
         ptxas info    : Used 253 registers, used 1 barriers
         ptxas info    : Compile time = 178.743 ms
         ptxas info    : Compiling entry function '_Z24qk_int_sv_f8_attn_kernelILj128ELj64ELj32ELj64ELj64EL8DataType1EL16QuantGranularity3ELS1_3EfLb1E13__nv_bfloat16L11ComputeUnit1EL8MaskMode1ELb1ELb0ELb0ELb0EEvPaS5_S5_PT9_PfS8_S8_S8_S8_jjjjjjjjjjjjjjjf' for 'sm_120a'
         ptxas info    : Function properties for _Z24qk_int_sv_f8_attn_kernelILj128ELj64ELj32ELj64ELj64EL8DataType1EL16QuantGranularity3ELS1_3EfLb1E13__nv_bfloat16L11ComputeUnit1EL8MaskMode1ELb1ELb0ELb0ELb0EEvPaS5_S5_PT9_PfS8_S8_S8_S8_jjjjjjjjjjjjjjjf
             32 bytes stack frame, 0 bytes spill stores, 0 bytes spill loads
         ptxas info    : Used 250 registers, used 1 barriers, 32 bytes cumulative stack size
         ptxas info    : Compile time = 200.694 ms
         ptxas info    : Compiling entry function '_Z24qk_int_sv_f8_attn_kernelILj128ELj64ELj32ELj64ELj64EL8DataType1EL16QuantGranularity3ELS1_3EfLb1E6__halfL11ComputeUnit1EL8MaskMode1ELb1ELb0ELb0ELb0EEvPaS5_S5_PT9_PfS8_S8_S8_S8_jjjjjjjjjjjjjjjf' for 'sm_120a'
         ptxas info    : Function properties for _Z24qk_int_sv_f8_attn_kernelILj128ELj64ELj32ELj64ELj64EL8DataType1EL16QuantGranularity3ELS1_3EfLb1E6__halfL11ComputeUnit1EL8MaskMode1ELb1ELb0ELb0ELb0EEvPaS5_S5_PT9_PfS8_S8_S8_S8_jjjjjjjjjjjjjjjf
             32 bytes stack frame, 0 bytes spill stores, 0 bytes spill loads
         ptxas info    : Used 250 registers, used 1 barriers, 32 bytes cumulative stack size
         ptxas info    : Compile time = 196.483 ms
         ptxas info    : Compiling entry function '_Z24qk_int_sv_f8_attn_kernelILj128ELj64ELj32ELj64ELj64EL8DataType1EL16QuantGranularity2ELS1_2EfLb1E13__nv_bfloat16L11ComputeUnit1EL8MaskMode1ELb0ELb0ELb0ELb0EEvPaS5_S5_PT9_PfS8_S8_S8_S8_jjjjjjjjjjjjjjjf' for 'sm_120a'
         ptxas info    : Function properties for _Z24qk_int_sv_f8_attn_kernelILj128ELj64ELj32ELj64ELj64EL8DataType1EL16QuantGranularity2ELS1_2EfLb1E13__nv_bfloat16L11ComputeUnit1EL8MaskMode1ELb0ELb0ELb0ELb0EEvPaS5_S5_PT9_PfS8_S8_S8_S8_jjjjjjjjjjjjjjjf
             0 bytes stack frame, 0 bytes spill stores, 0 bytes spill loads
         ptxas info    : Used 253 registers, used 1 barriers
         ptxas info    : Compile time = 171.422 ms
         ptxas info    : Compiling entry function '_Z24qk_int_sv_f8_attn_kernelILj128ELj64ELj32ELj64ELj64EL8DataType1EL16QuantGranularity2ELS1_2EfLb1E6__halfL11ComputeUnit1EL8MaskMode1ELb0ELb0ELb0ELb0EEvPaS5_S5_PT9_PfS8_S8_S8_S8_jjjjjjjjjjjjjjjf' for 'sm_120a'
         ptxas info    : Function properties for _Z24qk_int_sv_f8_attn_kernelILj128ELj64ELj32ELj64ELj64EL8DataType1EL16QuantGranularity2ELS1_2EfLb1E6__halfL11ComputeUnit1EL8MaskMode1ELb0ELb0ELb0ELb0EEvPaS5_S5_PT9_PfS8_S8_S8_S8_jjjjjjjjjjjjjjjf
             0 bytes stack frame, 0 bytes spill stores, 0 bytes spill loads
         ptxas info    : Used 253 registers, used 1 barriers
         ptxas info    : Compile time = 167.050 ms
         ptxas info    : Compiling entry function '_Z24qk_int_sv_f8_attn_kernelILj128ELj64ELj32ELj64ELj64EL8DataType1EL16QuantGranularity2ELS1_2EfLb1E13__nv_bfloat16L11ComputeUnit1EL8MaskMode1ELb1ELb0ELb0ELb0EEvPaS5_S5_PT9_PfS8_S8_S8_S8_jjjjjjjjjjjjjjjf' for 'sm_120a'
         ptxas info    : Function properties for _Z24qk_int_sv_f8_attn_kernelILj128ELj64ELj32ELj64ELj64EL8DataType1EL16QuantGranularity2ELS1_2EfLb1E13__nv_bfloat16L11ComputeUnit1EL8MaskMode1ELb1ELb0ELb0ELb0EEvPaS5_S5_PT9_PfS8_S8_S8_S8_jjjjjjjjjjjjjjjf
             32 bytes stack frame, 0 bytes spill stores, 0 bytes spill loads
         ptxas info    : Used 250 registers, used 1 barriers, 32 bytes cumulative stack size
         ptxas info    : Compile time = 172.091 ms
         ptxas info    : Compiling entry function '_Z24qk_int_sv_f8_attn_kernelILj128ELj64ELj32ELj64ELj64EL8DataType1EL16QuantGranularity2ELS1_2EfLb1E6__halfL11ComputeUnit1EL8MaskMode1ELb1ELb0ELb0ELb0EEvPaS5_S5_PT9_PfS8_S8_S8_S8_jjjjjjjjjjjjjjjf' for 'sm_120a'
         ptxas info    : Function properties for _Z24qk_int_sv_f8_attn_kernelILj128ELj64ELj32ELj64ELj64EL8DataType1EL16QuantGranularity2ELS1_2EfLb1E6__halfL11ComputeUnit1EL8MaskMode1ELb1ELb0ELb0ELb0EEvPaS5_S5_PT9_PfS8_S8_S8_S8_jjjjjjjjjjjjjjjf
             32 bytes stack frame, 0 bytes spill stores, 0 bytes spill loads
         ptxas info    : Used 250 registers, used 1 barriers, 32 bytes cumulative stack size
         ptxas info    : Compile time = 172.194 ms
         [2/2] /usr/local/cuda-13.0/bin/nvcc -MD -MF /tmp/qwen-sageattention-20261005/build/temp.linux-x86_64-cpython-312/sageattention._qattn_sm80/csrc/qattn/qk_int_sv_f16_cuda_sm80.o.d -I/opt/venv/lib/python3.12/site-packages/torch/include -I/opt/venv/lib/python3.12/site-packages/torch/include/torch/csrc/api/include -I/usr/local/cuda-13.0/include -I/opt/venv/include -I/root/.local/share/uv/python/cpython-3.12.15-linux-x86_64-gnu/include/python3.12 -c -c /tmp/qwen-sageattention-20261005/csrc/qattn/qk_int_sv_f16_cuda_sm80.cu -o /tmp/qwen-sageattention-20261005/build/temp.linux-x86_64-cpython-312/sageattention._qattn_sm80/csrc/qattn/qk_int_sv_f16_cuda_sm80.o -D__CUDA_NO_HALF_OPERATORS__ -D__CUDA_NO_HALF_CONVERSIONS__ -D__CUDA_NO_BFLOAT16_CONVERSIONS__ -D__CUDA_NO_HALF2_OPERATORS__ --expt-relaxed-constexpr --compiler-options ''"'"'-fPIC'"'"'' -O3 -std=c++17 -U__CUDA_NO_HALF_OPERATORS__ -U__CUDA_NO_HALF_CONVERSIONS__ --use_fast_math --threads=8 -Xptxas=-v -diag-suppress=174 -D_GLIBCXX_USE_CXX11_ABI=1 -gencode arch=compute_120a,code=sm_120a -DTORCH_API_INCLUDE_EXTENSION_H -DTORCH_EXTENSION_NAME=_qattn_sm80
         In file included from /tmp/qwen-sageattention-20261005/csrc/qattn/qk_int_sv_f16_cuda_sm80.cu:17:
         /tmp/qwen-sageattention-20261005/csrc/qattn/../utils.cuh:36:37: warning: backslash-newline at end of file
            36 | #define CHECK_LASTDIM_CONTIGUOUS(x) \
               |                                      
         In file included from /tmp/qwen-sageattention-20261005/csrc/qattn/qk_int_sv_f16_cuda_sm80.cu:17:
         /tmp/qwen-sageattention-20261005/csrc/qattn/../utils.cuh:36:37: warning: backslash-newline at end of file
            36 | #define CHECK_LASTDIM_CONTIGUOUS(x) \
               |                                      
         ptxas info    : 28 bytes gmem
         ptxas info    : Compiling entry function '_Z25qk_int_sv_f16_attn_kernelILj128ELj64ELj32ELj64ELj128EL8DataType1EL16QuantGranularity3ELS1_3E6__halfLb0E13__nv_bfloat16L11ComputeUnit0EL8MaskMode0ELb0ELb1EEvPaS6_PS2_PT9_PfSA_SA_S9_jjjjjjjjjjjjjjjf' for 'sm_120a'
         ptxas info    : Function properties for _Z25qk_int_sv_f16_attn_kernelILj128ELj64ELj32ELj64ELj128EL8DataType1EL16QuantGranularity3ELS1_3E6__halfLb0E13__nv_bfloat16L11ComputeUnit0EL8MaskMode0ELb0ELb1EEvPaS6_PS2_PT9_PfSA_SA_S9_jjjjjjjjjjjjjjjf
             0 bytes stack frame, 0 bytes spill stores, 0 bytes spill loads
         ptxas info    : Used 252 registers, used 1 barriers
         ptxas info    : Compile time = 329.151 ms
         ptxas info    : Compiling entry function '_Z25qk_int_sv_f16_attn_kernelILj128ELj64ELj32ELj64ELj128EL8DataType1EL16QuantGranularity3ELS1_3E6__halfLb0ES2_L11ComputeUnit0EL8MaskMode0ELb0ELb1EEvPaS5_PS2_PT9_PfS9_S9_S8_jjjjjjjjjjjjjjjf' for 'sm_120a'
         ptxas info    : Function properties for _Z25qk_int_sv_f16_attn_kernelILj128ELj64ELj32ELj64ELj128EL8DataType1EL16QuantGranularity3ELS1_3E6__halfLb0ES2_L11ComputeUnit0EL8MaskMode0ELb0ELb1EEvPaS5_PS2_PT9_PfS9_S9_S8_jjjjjjjjjjjjjjjf
             0 bytes stack frame, 0 bytes spill stores, 0 bytes spill loads
         ptxas info    : Used 252 registers, used 1 barriers
         ptxas info    : Compile time = 299.678 ms
         ptxas info    : Compiling entry function '_Z25qk_int_sv_f16_attn_kernelILj128ELj64ELj32ELj64ELj128EL8DataType1EL16QuantGranularity3ELS1_3E6__halfLb0E13__nv_bfloat16L11ComputeUnit0EL8MaskMode0ELb1ELb1EEvPaS6_PS2_PT9_PfSA_SA_S9_jjjjjjjjjjjjjjjf' for 'sm_120a'
         ptxas info    : Function properties for _Z25qk_int_sv_f16_attn_kernelILj128ELj64ELj32ELj64ELj128EL8DataType1EL16QuantGranularity3ELS1_3E6__halfLb0E13__nv_bfloat16L11ComputeUnit0EL8MaskMode0ELb1ELb1EEvPaS6_PS2_PT9_PfSA_SA_S9_jjjjjjjjjjjjjjjf
             32 bytes stack frame, 0 bytes spill stores, 0 bytes spill loads
         ptxas info    : Used 246 registers, used 1 barriers, 32 bytes cumulative stack size
         ptxas info    : Compile time = 319.473 ms
         ptxas info    : Compiling entry function '_Z25qk_int_sv_f16_attn_kernelILj128ELj64ELj32ELj64ELj128EL8DataType1EL16QuantGranularity3ELS1_3E6__halfLb0ES2_L11ComputeUnit0EL8MaskMode0ELb1ELb1EEvPaS5_PS2_PT9_PfS9_S9_S8_jjjjjjjjjjjjjjjf' for 'sm_120a'
         ptxas info    : Function properties for _Z25qk_int_sv_f16_attn_kernelILj128ELj64ELj32ELj64ELj128EL8DataType1EL16QuantGranularity3ELS1_3E6__halfLb0ES2_L11ComputeUnit0EL8MaskMode0ELb1ELb1EEvPaS5_PS2_PT9_PfS9_S9_S8_jjjjjjjjjjjjjjjf
             32 bytes stack frame, 0 bytes spill stores, 0 bytes spill loads
         ptxas info    : Used 246 registers, used 1 barriers, 32 bytes cumulative stack size
         ptxas info    : Compile time = 311.698 ms
         ptxas info    : Compiling entry function '_Z25qk_int_sv_f16_attn_kernelILj128ELj64ELj32ELj64ELj128EL8DataType1EL16QuantGranularity2ELS1_2E6__halfLb0E13__nv_bfloat16L11ComputeUnit0EL8MaskMode0ELb0ELb1EEvPaS6_PS2_PT9_PfSA_SA_S9_jjjjjjjjjjjjjjjf' for 'sm_120a'
         ptxas info    : Function properties for _Z25qk_int_sv_f16_attn_kernelILj128ELj64ELj32ELj64ELj128EL8DataType1EL16QuantGranularity2ELS1_2E6__halfLb0E13__nv_bfloat16L11ComputeUnit0EL8MaskMode0ELb0ELb1EEvPaS6_PS2_PT9_PfSA_SA_S9_jjjjjjjjjjjjjjjf
             0 bytes stack frame, 0 bytes spill stores, 0 bytes spill loads
         ptxas info    : Used 252 registers, used 1 barriers
         ptxas info    : Compile time = 324.989 ms
         ptxas info    : Compiling entry function '_Z25qk_int_sv_f16_attn_kernelILj128ELj64ELj32ELj64ELj128EL8DataType1EL16QuantGranularity2ELS1_2E6__halfLb0ES2_L11ComputeUnit0EL8MaskMode0ELb0ELb1EEvPaS5_PS2_PT9_PfS9_S9_S8_jjjjjjjjjjjjjjjf' for 'sm_120a'
         ptxas info    : Function properties for _Z25qk_int_sv_f16_attn_kernelILj128ELj64ELj32ELj64ELj128EL8DataType1EL16QuantGranularity2ELS1_2E6__halfLb0ES2_L11ComputeUnit0EL8MaskMode0ELb0ELb1EEvPaS5_PS2_PT9_PfS9_S9_S8_jjjjjjjjjjjjjjjf
             0 bytes stack frame, 0 bytes spill stores, 0 bytes spill loads
         ptxas info    : Used 252 registers, used 1 barriers
         ptxas info    : Compile time = 298.636 ms
         ptxas info    : Compiling entry function '_Z25qk_int_sv_f16_attn_kernelILj128ELj64ELj32ELj64ELj128EL8DataType1EL16QuantGranularity2ELS1_2E6__halfLb0E13__nv_bfloat16L11ComputeUnit0EL8MaskMode0ELb1ELb1EEvPaS6_PS2_PT9_PfSA_SA_S9_jjjjjjjjjjjjjjjf' for 'sm_120a'
         ptxas info    : Function properties for _Z25qk_int_sv_f16_attn_kernelILj128ELj64ELj32ELj64ELj128EL8DataType1EL16QuantGranularity2ELS1_2E6__halfLb0E13__nv_bfloat16L11ComputeUnit0EL8MaskMode0ELb1ELb1EEvPaS6_PS2_PT9_PfSA_SA_S9_jjjjjjjjjjjjjjjf
             32 bytes stack frame, 0 bytes spill stores, 0 bytes spill loads
         ptxas info    : Used 252 registers, used 1 barriers, 32 bytes cumulative stack size
         ptxas info    : Compile time = 299.888 ms
         ptxas info    : Compiling entry function '_Z25qk_int_sv_f16_attn_kernelILj128ELj64ELj32ELj64ELj128EL8DataType1EL16QuantGranularity2ELS1_2E6__halfLb0ES2_L11ComputeUnit0EL8MaskMode0ELb1ELb1EEvPaS5_PS2_PT9_PfS9_S9_S8_jjjjjjjjjjjjjjjf' for 'sm_120a'
         ptxas info    : Function properties for _Z25qk_int_sv_f16_attn_kernelILj128ELj64ELj32ELj64ELj128EL8DataType1EL16QuantGranularity2ELS1_2E6__halfLb0ES2_L11ComputeUnit0EL8MaskMode0ELb1ELb1EEvPaS5_PS2_PT9_PfS9_S9_S8_jjjjjjjjjjjjjjjf
             32 bytes stack frame, 0 bytes spill stores, 0 bytes spill loads
         ptxas info    : Used 252 registers, used 1 barriers, 32 bytes cumulative stack size
         ptxas info    : Compile time = 284.616 ms
         ptxas info    : Compiling entry function '_Z25qk_int_sv_f16_attn_kernelILj128ELj64ELj32ELj64ELj128EL8DataType1EL16QuantGranularity3ELS1_3E6__halfLb0E13__nv_bfloat16L11ComputeUnit0EL8MaskMode1ELb0ELb1EEvPaS6_PS2_PT9_PfSA_SA_S9_jjjjjjjjjjjjjjjf' for 'sm_120a'
         ptxas info    : Function properties for _Z25qk_int_sv_f16_attn_kernelILj128ELj64ELj32ELj64ELj128EL8DataType1EL16QuantGranularity3ELS1_3E6__halfLb0E13__nv_bfloat16L11ComputeUnit0EL8MaskMode1ELb0ELb1EEvPaS6_PS2_PT9_PfSA_SA_S9_jjjjjjjjjjjjjjjf
             0 bytes stack frame, 0 bytes spill stores, 0 bytes spill loads
         ptxas info    : Used 246 registers, used 1 barriers
         ptxas info    : Compile time = 392.784 ms
         ptxas info    : Compiling entry function '_Z25qk_int_sv_f16_attn_kernelILj128ELj64ELj32ELj64ELj128EL8DataType1EL16QuantGranularity3ELS1_3E6__halfLb0ES2_L11ComputeUnit0EL8MaskMode1ELb0ELb1EEvPaS5_PS2_PT9_PfS9_S9_S8_jjjjjjjjjjjjjjjf' for 'sm_120a'
         ptxas info    : Function properties for _Z25qk_int_sv_f16_attn_kernelILj128ELj64ELj32ELj64ELj128EL8DataType1EL16QuantGranularity3ELS1_3E6__halfLb0ES2_L11ComputeUnit0EL8MaskMode1ELb0ELb1EEvPaS5_PS2_PT9_PfS9_S9_S8_jjjjjjjjjjjjjjjf
             0 bytes stack frame, 0 bytes spill stores, 0 bytes spill loads
         ptxas info    : Used 246 registers, used 1 barriers
         ptxas info    : Compile time = 364.991 ms
         ptxas info    : Compiling entry function '_Z25qk_int_sv_f16_attn_kernelILj128ELj64ELj32ELj64ELj128EL8DataType1EL16QuantGranularity3ELS1_3E6__halfLb0E13__nv_bfloat16L11ComputeUnit0EL8MaskMode1ELb1ELb1EEvPaS6_PS2_PT9_PfSA_SA_S9_jjjjjjjjjjjjjjjf' for 'sm_120a'
         ptxas info    : Function properties for _Z25qk_int_sv_f16_attn_kernelILj128ELj64ELj32ELj64ELj128EL8DataType1EL16QuantGranularity3ELS1_3E6__halfLb0E13__nv_bfloat16L11ComputeUnit0EL8MaskMode1ELb1ELb1EEvPaS6_PS2_PT9_PfSA_SA_S9_jjjjjjjjjjjjjjjf
             32 bytes stack frame, 0 bytes spill stores, 0 bytes spill loads
         ptxas info    : Used 244 registers, used 1 barriers, 32 bytes cumulative stack size
         ptxas info    : Compile time = 401.093 ms
         ptxas info    : Compiling entry function '_Z25qk_int_sv_f16_attn_kernelILj128ELj64ELj32ELj64ELj128EL8DataType1EL16QuantGranularity3ELS1_3E6__halfLb0ES2_L11ComputeUnit0EL8MaskMode1ELb1ELb1EEvPaS5_PS2_PT9_PfS9_S9_S8_jjjjjjjjjjjjjjjf' for 'sm_120a'
         ptxas info    : Function properties for _Z25qk_int_sv_f16_attn_kernelILj128ELj64ELj32ELj64ELj128EL8DataType1EL16QuantGranularity3ELS1_3E6__halfLb0ES2_L11ComputeUnit0EL8MaskMode1ELb1ELb1EEvPaS5_PS2_PT9_PfS9_S9_S8_jjjjjjjjjjjjjjjf
             32 bytes stack frame, 0 bytes spill stores, 0 bytes spill loads
         ptxas info    : Used 254 registers, used 1 barriers, 32 bytes cumulative stack size
         ptxas info    : Compile time = 301.019 ms
         ptxas info    : Compiling entry function '_Z25qk_int_sv_f16_attn_kernelILj128ELj64ELj32ELj64ELj128EL8DataType1EL16QuantGranularity2ELS1_2E6__halfLb0E13__nv_bfloat16L11ComputeUnit0EL8MaskMode1ELb0ELb1EEvPaS6_PS2_PT9_PfSA_SA_S9_jjjjjjjjjjjjjjjf' for 'sm_120a'
         ptxas info    : Function properties for _Z25qk_int_sv_f16_attn_kernelILj128ELj64ELj32ELj64ELj128EL8DataType1EL16QuantGranularity2ELS1_2E6__halfLb0E13__nv_bfloat16L11ComputeUnit0EL8MaskMode1ELb0ELb1EEvPaS6_PS2_PT9_PfSA_SA_S9_jjjjjjjjjjjjjjjf
             0 bytes stack frame, 0 bytes spill stores, 0 bytes spill loads
         ptxas info    : Used 252 registers, used 1 barriers
         ptxas info    : Compile time = 345.743 ms
         ptxas info    : Compiling entry function '_Z25qk_int_sv_f16_attn_kernelILj128ELj64ELj32ELj64ELj128EL8DataType1EL16QuantGranularity2ELS1_2E6__halfLb0ES2_L11ComputeUnit0EL8MaskMode1ELb0ELb1EEvPaS5_PS2_PT9_PfS9_S9_S8_jjjjjjjjjjjjjjjf' for 'sm_120a'
         ptxas info    : Function properties for _Z25qk_int_sv_f16_attn_kernelILj128ELj64ELj32ELj64ELj128EL8DataType1EL16QuantGranularity2ELS1_2E6__halfLb0ES2_L11ComputeUnit0EL8MaskMode1ELb0ELb1EEvPaS5_PS2_PT9_PfS9_S9_S8_jjjjjjjjjjjjjjjf
             0 bytes stack frame, 0 bytes spill stores, 0 bytes spill loads
         ptxas info    : Used 252 registers, used 1 barriers
         ptxas info    : Compile time = 318.751 ms
         ptxas info    : Compiling entry function '_Z25qk_int_sv_f16_attn_kernelILj128ELj64ELj32ELj64ELj128EL8DataType1EL16QuantGranularity2ELS1_2E6__halfLb0E13__nv_bfloat16L11ComputeUnit0EL8MaskMode1ELb1ELb1EEvPaS6_PS2_PT9_PfSA_SA_S9_jjjjjjjjjjjjjjjf' for 'sm_120a'
         ptxas info    : Function properties for _Z25qk_int_sv_f16_attn_kernelILj128ELj64ELj32ELj64ELj128EL8DataType1EL16QuantGranularity2ELS1_2E6__halfLb0E13__nv_bfloat16L11ComputeUnit0EL8MaskMode1ELb1ELb1EEvPaS6_PS2_PT9_PfSA_SA_S9_jjjjjjjjjjjjjjjf
             32 bytes stack frame, 0 bytes spill stores, 0 bytes spill loads
         ptxas info    : Used 252 registers, used 1 barriers, 32 bytes cumulative stack size
         ptxas info    : Compile time = 318.384 ms
         ptxas info    : Compiling entry function '_Z25qk_int_sv_f16_attn_kernelILj128ELj64ELj32ELj64ELj128EL8DataType1EL16QuantGranularity2ELS1_2E6__halfLb0ES2_L11ComputeUnit0EL8MaskMode1ELb1ELb1EEvPaS5_PS2_PT9_PfS9_S9_S8_jjjjjjjjjjjjjjjf' for 'sm_120a'
         ptxas info    : Function properties for _Z25qk_int_sv_f16_attn_kernelILj128ELj64ELj32ELj64ELj128EL8DataType1EL16QuantGranularity2ELS1_2E6__halfLb0ES2_L11ComputeUnit0EL8MaskMode1ELb1ELb1EEvPaS5_PS2_PT9_PfS9_S9_S8_jjjjjjjjjjjjjjjf
             32 bytes stack frame, 0 bytes spill stores, 0 bytes spill loads
         ptxas info    : Used 254 registers, used 1 barriers, 32 bytes cumulative stack size
         ptxas info    : Compile time = 301.139 ms
         ptxas info    : Compiling entry function '_Z25qk_int_sv_f16_attn_kernelILj128ELj64ELj32ELj64ELj64EL8DataType1EL16QuantGranularity3ELS1_3E6__halfLb0E13__nv_bfloat16L11ComputeUnit0EL8MaskMode0ELb0ELb1EEvPaS6_PS2_PT9_PfSA_SA_S9_jjjjjjjjjjjjjjjf' for 'sm_120a'
         ptxas info    : Function properties for _Z25qk_int_sv_f16_attn_kernelILj128ELj64ELj32ELj64ELj64EL8DataType1EL16QuantGranularity3ELS1_3E6__halfLb0E13__nv_bfloat16L11ComputeUnit0EL8MaskMode0ELb0ELb1EEvPaS6_PS2_PT9_PfSA_SA_S9_jjjjjjjjjjjjjjjf
             0 bytes stack frame, 0 bytes spill stores, 0 bytes spill loads
         ptxas info    : Used 197 registers, used 1 barriers
         ptxas info    : Compile time = 174.509 ms
         ptxas info    : Compiling entry function '_Z25qk_int_sv_f16_attn_kernelILj128ELj64ELj32ELj64ELj64EL8DataType1EL16QuantGranularity3ELS1_3E6__halfLb0ES2_L11ComputeUnit0EL8MaskMode0ELb0ELb1EEvPaS5_PS2_PT9_PfS9_S9_S8_jjjjjjjjjjjjjjjf' for 'sm_120a'
         ptxas info    : Function properties for _Z25qk_int_sv_f16_attn_kernelILj128ELj64ELj32ELj64ELj64EL8DataType1EL16QuantGranularity3ELS1_3E6__halfLb0ES2_L11ComputeUnit0EL8MaskMode0ELb0ELb1EEvPaS5_PS2_PT9_PfS9_S9_S8_jjjjjjjjjjjjjjjf
             0 bytes stack frame, 0 bytes spill stores, 0 bytes spill loads
         ptxas info    : Used 197 registers, used 1 barriers
         ptxas info    : Compile time = 167.521 ms
         ptxas info    : Compiling entry function '_Z25qk_int_sv_f16_attn_kernelILj128ELj64ELj32ELj64ELj64EL8DataType1EL16QuantGranularity3ELS1_3E6__halfLb0E13__nv_bfloat16L11ComputeUnit0EL8MaskMode0ELb1ELb1EEvPaS6_PS2_PT9_PfSA_SA_S9_jjjjjjjjjjjjjjjf' for 'sm_120a'
         ptxas info    : Function properties for _Z25qk_int_sv_f16_attn_kernelILj128ELj64ELj32ELj64ELj64EL8DataType1EL16QuantGranularity3ELS1_3E6__halfLb0E13__nv_bfloat16L11ComputeUnit0EL8MaskMode0ELb1ELb1EEvPaS6_PS2_PT9_PfSA_SA_S9_jjjjjjjjjjjjjjjf
             32 bytes stack frame, 0 bytes spill stores, 0 bytes spill loads
         ptxas info    : Used 195 registers, used 1 barriers, 32 bytes cumulative stack size
         ptxas info    : Compile time = 177.870 ms
         ptxas info    : Compiling entry function '_Z25qk_int_sv_f16_attn_kernelILj128ELj64ELj32ELj64ELj64EL8DataType1EL16QuantGranularity3ELS1_3E6__halfLb0ES2_L11ComputeUnit0EL8MaskMode0ELb1ELb1EEvPaS5_PS2_PT9_PfS9_S9_S8_jjjjjjjjjjjjjjjf' for 'sm_120a'
         ptxas info    : Function properties for _Z25qk_int_sv_f16_attn_kernelILj128ELj64ELj32ELj64ELj64EL8DataType1EL16QuantGranularity3ELS1_3E6__halfLb0ES2_L11ComputeUnit0EL8MaskMode0ELb1ELb1EEvPaS5_PS2_PT9_PfS9_S9_S8_jjjjjjjjjjjjjjjf
             32 bytes stack frame, 0 bytes spill stores, 0 bytes spill loads
         ptxas info    : Used 195 registers, used 1 barriers, 32 bytes cumulative stack size
         ptxas info    : Compile time = 171.821 ms
         ptxas info    : Compiling entry function '_Z25qk_int_sv_f16_attn_kernelILj128ELj64ELj32ELj64ELj64EL8DataType1EL16QuantGranularity2ELS1_2E6__halfLb0E13__nv_bfloat16L11ComputeUnit0EL8MaskMode0ELb0ELb1EEvPaS6_PS2_PT9_PfSA_SA_S9_jjjjjjjjjjjjjjjf' for 'sm_120a'
         ptxas info    : Function properties for _Z25qk_int_sv_f16_attn_kernelILj128ELj64ELj32ELj64ELj64EL8DataType1EL16QuantGranularity2ELS1_2E6__halfLb0E13__nv_bfloat16L11ComputeUnit0EL8MaskMode0ELb0ELb1EEvPaS6_PS2_PT9_PfSA_SA_S9_jjjjjjjjjjjjjjjf
             0 bytes stack frame, 0 bytes spill stores, 0 bytes spill loads
         ptxas info    : Used 167 registers, used 1 barriers
         ptxas info    : Compile time = 172.514 ms
         ptxas info    : Compiling entry function '_Z25qk_int_sv_f16_attn_kernelILj128ELj64ELj32ELj64ELj64EL8DataType1EL16QuantGranularity2ELS1_2E6__halfLb0ES2_L11ComputeUnit0EL8MaskMode0ELb0ELb1EEvPaS5_PS2_PT9_PfS9_S9_S8_jjjjjjjjjjjjjjjf' for 'sm_120a'
         ptxas info    : Function properties for _Z25qk_int_sv_f16_attn_kernelILj128ELj64ELj32ELj64ELj64EL8DataType1EL16QuantGranularity2ELS1_2E6__halfLb0ES2_L11ComputeUnit0EL8MaskMode0ELb0ELb1EEvPaS5_PS2_PT9_PfS9_S9_S8_jjjjjjjjjjjjjjjf
             0 bytes stack frame, 0 bytes spill stores, 0 bytes spill loads
         ptxas info    : Used 167 registers, used 1 barriers
         ptxas info    : Compile time = 166.872 ms
         ptxas info    : Compiling entry function '_Z25qk_int_sv_f16_attn_kernelILj128ELj64ELj32ELj64ELj64EL8DataType1EL16QuantGranularity2ELS1_2E6__halfLb0E13__nv_bfloat16L11ComputeUnit0EL8MaskMode0ELb1ELb1EEvPaS6_PS2_PT9_PfSA_SA_S9_jjjjjjjjjjjjjjjf' for 'sm_120a'
         ptxas info    : Function properties for _Z25qk_int_sv_f16_attn_kernelILj128ELj64ELj32ELj64ELj64EL8DataType1EL16QuantGranularity2ELS1_2E6__halfLb0E13__nv_bfloat16L11ComputeUnit0EL8MaskMode0ELb1ELb1EEvPaS6_PS2_PT9_PfSA_SA_S9_jjjjjjjjjjjjjjjf
             32 bytes stack frame, 0 bytes spill stores, 0 bytes spill loads
         ptxas info    : Used 177 registers, used 1 barriers, 32 bytes cumulative stack size
         ptxas info    : Compile time = 179.701 ms
         ptxas info    : Compiling entry function '_Z25qk_int_sv_f16_attn_kernelILj128ELj64ELj32ELj64ELj64EL8DataType1EL16QuantGranularity2ELS1_2E6__halfLb0ES2_L11ComputeUnit0EL8MaskMode0ELb1ELb1EEvPaS5_PS2_PT9_PfS9_S9_S8_jjjjjjjjjjjjjjjf' for 'sm_120a'
         ptxas info    : Function properties for _Z25qk_int_sv_f16_attn_kernelILj128ELj64ELj32ELj64ELj64EL8DataType1EL16QuantGranularity2ELS1_2E6__halfLb0ES2_L11ComputeUnit0EL8MaskMode0ELb1ELb1EEvPaS5_PS2_PT9_PfS9_S9_S8_jjjjjjjjjjjjjjjf
             32 bytes stack frame, 0 bytes spill stores, 0 bytes spill loads
         ptxas info    : Used 177 registers, used 1 barriers, 32 bytes cumulative stack size
         ptxas info    : Compile time = 172.926 ms
         ptxas info    : Compiling entry function '_Z25qk_int_sv_f16_attn_kernelILj128ELj64ELj32ELj64ELj64EL8DataType1EL16QuantGranularity3ELS1_3E6__halfLb0E13__nv_bfloat16L11ComputeUnit0EL8MaskMode1ELb0ELb1EEvPaS6_PS2_PT9_PfSA_SA_S9_jjjjjjjjjjjjjjjf' for 'sm_120a'
         ptxas info    : Function properties for _Z25qk_int_sv_f16_attn_kernelILj128ELj64ELj32ELj64ELj64EL8DataType1EL16QuantGranularity3ELS1_3E6__halfLb0E13__nv_bfloat16L11ComputeUnit0EL8MaskMode1ELb0ELb1EEvPaS6_PS2_PT9_PfSA_SA_S9_jjjjjjjjjjjjjjjf
             0 bytes stack frame, 0 bytes spill stores, 0 bytes spill loads
         ptxas info    : Used 187 registers, used 1 barriers
         ptxas info    : Compile time = 186.247 ms
         ptxas info    : Compiling entry function '_Z25qk_int_sv_f16_attn_kernelILj128ELj64ELj32ELj64ELj64EL8DataType1EL16QuantGranularity3ELS1_3E6__halfLb0ES2_L11ComputeUnit0EL8MaskMode1ELb0ELb1EEvPaS5_PS2_PT9_PfS9_S9_S8_jjjjjjjjjjjjjjjf' for 'sm_120a'
         ptxas info    : Function properties for _Z25qk_int_sv_f16_attn_kernelILj128ELj64ELj32ELj64ELj64EL8DataType1EL16QuantGranularity3ELS1_3E6__halfLb0ES2_L11ComputeUnit0EL8MaskMode1ELb0ELb1EEvPaS5_PS2_PT9_PfS9_S9_S8_jjjjjjjjjjjjjjjf
             0 bytes stack frame, 0 bytes spill stores, 0 bytes spill loads
         ptxas info    : Used 187 registers, used 1 barriers
         ptxas info    : Compile time = 187.743 ms
         ptxas info    : Compiling entry function '_Z25qk_int_sv_f16_attn_kernelILj128ELj64ELj32ELj64ELj64EL8DataType1EL16QuantGranularity3ELS1_3E6__halfLb0E13__nv_bfloat16L11ComputeUnit0EL8MaskMode1ELb1ELb1EEvPaS6_PS2_PT9_PfSA_SA_S9_jjjjjjjjjjjjjjjf' for 'sm_120a'
         ptxas info    : Function properties for _Z25qk_int_sv_f16_attn_kernelILj128ELj64ELj32ELj64ELj64EL8DataType1EL16QuantGranularity3ELS1_3E6__halfLb0E13__nv_bfloat16L11ComputeUnit0EL8MaskMode1ELb1ELb1EEvPaS6_PS2_PT9_PfSA_SA_S9_jjjjjjjjjjjjjjjf
             32 bytes stack frame, 0 bytes spill stores, 0 bytes spill loads
         ptxas info    : Used 185 registers, used 1 barriers, 32 bytes cumulative stack size
         ptxas info    : Compile time = 193.725 ms
         ptxas info    : Compiling entry function '_Z25qk_int_sv_f16_attn_kernelILj128ELj64ELj32ELj64ELj64EL8DataType1EL16QuantGranularity3ELS1_3E6__halfLb0ES2_L11ComputeUnit0EL8MaskMode1ELb1ELb1EEvPaS5_PS2_PT9_PfS9_S9_S8_jjjjjjjjjjjjjjjf' for 'sm_120a'
         ptxas info    : Function properties for _Z25qk_int_sv_f16_attn_kernelILj128ELj64ELj32ELj64ELj64EL8DataType1EL16QuantGranularity3ELS1_3E6__halfLb0ES2_L11ComputeUnit0EL8MaskMode1ELb1ELb1EEvPaS5_PS2_PT9_PfS9_S9_S8_jjjjjjjjjjjjjjjf
             32 bytes stack frame, 0 bytes spill stores, 0 bytes spill loads
         ptxas info    : Used 185 registers, used 1 barriers, 32 bytes cumulative stack size
         ptxas info    : Compile time = 190.973 ms
         ptxas info    : Compiling entry function '_Z25qk_int_sv_f16_attn_kernelILj128ELj64ELj32ELj64ELj64EL8DataType1EL16QuantGranularity2ELS1_2E6__halfLb0E13__nv_bfloat16L11ComputeUnit0EL8MaskMode1ELb0ELb1EEvPaS6_PS2_PT9_PfSA_SA_S9_jjjjjjjjjjjjjjjf' for 'sm_120a'
         ptxas info    : Function properties for _Z25qk_int_sv_f16_attn_kernelILj128ELj64ELj32ELj64ELj64EL8DataType1EL16QuantGranularity2ELS1_2E6__halfLb0E13__nv_bfloat16L11ComputeUnit0EL8MaskMode1ELb0ELb1EEvPaS6_PS2_PT9_PfSA_SA_S9_jjjjjjjjjjjjjjjf
             0 bytes stack frame, 0 bytes spill stores, 0 bytes spill loads
         ptxas info    : Used 191 registers, used 1 barriers
         ptxas info    : Compile time = 196.237 ms
         ptxas info    : Compiling entry function '_Z25qk_int_sv_f16_attn_kernelILj128ELj64ELj32ELj64ELj64EL8DataType1EL16QuantGranularity2ELS1_2E6__halfLb0ES2_L11ComputeUnit0EL8MaskMode1ELb0ELb1EEvPaS5_PS2_PT9_PfS9_S9_S8_jjjjjjjjjjjjjjjf' for 'sm_120a'
         ptxas info    : Function properties for _Z25qk_int_sv_f16_attn_kernelILj128ELj64ELj32ELj64ELj64EL8DataType1EL16QuantGranularity2ELS1_2E6__halfLb0ES2_L11ComputeUnit0EL8MaskMode1ELb0ELb1EEvPaS5_PS2_PT9_PfS9_S9_S8_jjjjjjjjjjjjjjjf
             0 bytes stack frame, 0 bytes spill stores, 0 bytes spill loads
         ptxas info    : Used 191 registers, used 1 barriers
         ptxas info    : Compile time = 185.975 ms
         ptxas info    : Compiling entry function '_Z25qk_int_sv_f16_attn_kernelILj128ELj64ELj32ELj64ELj64EL8DataType1EL16QuantGranularity2ELS1_2E6__halfLb0E13__nv_bfloat16L11ComputeUnit0EL8MaskMode1ELb1ELb1EEvPaS6_PS2_PT9_PfSA_SA_S9_jjjjjjjjjjjjjjjf' for 'sm_120a'
         ptxas info    : Function properties for _Z25qk_int_sv_f16_attn_kernelILj128ELj64ELj32ELj64ELj64EL8DataType1EL16QuantGranularity2ELS1_2E6__halfLb0E13__nv_bfloat16L11ComputeUnit0EL8MaskMode1ELb1ELb1EEvPaS6_PS2_PT9_PfSA_SA_S9_jjjjjjjjjjjjjjjf
             32 bytes stack frame, 0 bytes spill stores, 0 bytes spill loads
         ptxas info    : Used 183 registers, used 1 barriers, 32 bytes cumulative stack size
         ptxas info    : Compile time = 193.071 ms
         ptxas info    : Compiling entry function '_Z25qk_int_sv_f16_attn_kernelILj128ELj64ELj32ELj64ELj64EL8DataType1EL16QuantGranularity2ELS1_2E6__halfLb0ES2_L11ComputeUnit0EL8MaskMode1ELb1ELb1EEvPaS5_PS2_PT9_PfS9_S9_S8_jjjjjjjjjjjjjjjf' for 'sm_120a'
         ptxas info    : Function properties for _Z25qk_int_sv_f16_attn_kernelILj128ELj64ELj32ELj64ELj64EL8DataType1EL16QuantGranularity2ELS1_2E6__halfLb0ES2_L11ComputeUnit0EL8MaskMode1ELb1ELb1EEvPaS5_PS2_PT9_PfS9_S9_S8_jjjjjjjjjjjjjjjf
             32 bytes stack frame, 0 bytes spill stores, 0 bytes spill loads
         ptxas info    : Used 183 registers, used 1 barriers, 32 bytes cumulative stack size
         ptxas info    : Compile time = 186.570 ms
         ptxas info    : Compiling entry function '_Z25qk_int_sv_f16_attn_kernelILj128ELj64ELj16ELj64ELj128EL8DataType1EL16QuantGranularity3ELS1_3EfLb1E13__nv_bfloat16L11ComputeUnit0EL8MaskMode0ELb0ELb0EEvPaS5_P6__halfPT9_PfSA_SA_S9_jjjjjjjjjjjjjjjf' for 'sm_120a'
         ptxas info    : Function properties for _Z25qk_int_sv_f16_attn_kernelILj128ELj64ELj16ELj64ELj128EL8DataType1EL16QuantGranularity3ELS1_3EfLb1E13__nv_bfloat16L11ComputeUnit0EL8MaskMode0ELb0ELb0EEvPaS5_P6__halfPT9_PfSA_SA_S9_jjjjjjjjjjjjjjjf
             0 bytes stack frame, 0 bytes spill stores, 0 bytes spill loads
         ptxas info    : Used 254 registers, used 1 barriers
         ptxas info    : Compile time = 187.296 ms
         ptxas info    : Compiling entry function '_Z25qk_int_sv_f16_attn_kernelILj128ELj64ELj16ELj64ELj128EL8DataType1EL16QuantGranularity3ELS1_3EfLb1E6__halfL11ComputeUnit0EL8MaskMode0ELb0ELb0EEvPaS5_PS2_PT9_PfS9_S9_S8_jjjjjjjjjjjjjjjf' for 'sm_120a'
         ptxas info    : Function properties for _Z25qk_int_sv_f16_attn_kernelILj128ELj64ELj16ELj64ELj128EL8DataType1EL16QuantGranularity3ELS1_3EfLb1E6__halfL11ComputeUnit0EL8MaskMode0ELb0ELb0EEvPaS5_PS2_PT9_PfS9_S9_S8_jjjjjjjjjjjjjjjf
             0 bytes stack frame, 0 bytes spill stores, 0 bytes spill loads
         ptxas info    : Used 254 registers, used 1 barriers
         ptxas info    : Compile time = 189.051 ms
         ptxas info    : Compiling entry function '_Z25qk_int_sv_f16_attn_kernelILj128ELj64ELj16ELj64ELj128EL8DataType1EL16QuantGranularity3ELS1_3EfLb1E13__nv_bfloat16L11ComputeUnit0EL8MaskMode0ELb1ELb0EEvPaS5_P6__halfPT9_PfSA_SA_S9_jjjjjjjjjjjjjjjf' for 'sm_120a'
         ptxas info    : Function properties for _Z25qk_int_sv_f16_attn_kernelILj128ELj64ELj16ELj64ELj128EL8DataType1EL16QuantGranularity3ELS1_3EfLb1E13__nv_bfloat16L11ComputeUnit0EL8MaskMode0ELb1ELb0EEvPaS5_P6__halfPT9_PfSA_SA_S9_jjjjjjjjjjjjjjjf
             16 bytes stack frame, 0 bytes spill stores, 0 bytes spill loads
         ptxas info    : Used 252 registers, used 1 barriers, 16 bytes cumulative stack size
         ptxas info    : Compile time = 163.931 ms
         ptxas info    : Compiling entry function '_Z25qk_int_sv_f16_attn_kernelILj128ELj64ELj16ELj64ELj128EL8DataType1EL16QuantGranularity3ELS1_3EfLb1E6__halfL11ComputeUnit0EL8MaskMode0ELb1ELb0EEvPaS5_PS2_PT9_PfS9_S9_S8_jjjjjjjjjjjjjjjf' for 'sm_120a'
         ptxas info    : Function properties for _Z25qk_int_sv_f16_attn_kernelILj128ELj64ELj16ELj64ELj128EL8DataType1EL16QuantGranularity3ELS1_3EfLb1E6__halfL11ComputeUnit0EL8MaskMode0ELb1ELb0EEvPaS5_PS2_PT9_PfS9_S9_S8_jjjjjjjjjjjjjjjf
             16 bytes stack frame, 0 bytes spill stores, 0 bytes spill loads
         ptxas info    : Used 252 registers, used 1 barriers, 16 bytes cumulative stack size
         ptxas info    : Compile time = 167.086 ms
         ptxas info    : Compiling entry function '_Z25qk_int_sv_f16_attn_kernelILj128ELj64ELj16ELj64ELj128EL8DataType1EL16QuantGranularity2ELS1_2EfLb1E13__nv_bfloat16L11ComputeUnit0EL8MaskMode0ELb0ELb0EEvPaS5_P6__halfPT9_PfSA_SA_S9_jjjjjjjjjjjjjjjf' for 'sm_120a'
         ptxas info    : Function properties for _Z25qk_int_sv_f16_attn_kernelILj128ELj64ELj16ELj64ELj128EL8DataType1EL16QuantGranularity2ELS1_2EfLb1E13__nv_bfloat16L11ComputeUnit0EL8MaskMode0ELb0ELb0EEvPaS5_P6__halfPT9_PfSA_SA_S9_jjjjjjjjjjjjjjjf
             8 bytes stack frame, 8 bytes spill stores, 8 bytes spill loads
         ptxas info    : Used 255 registers, used 1 barriers, 8 bytes cumulative stack size
         ptxas info    : Compile time = 188.239 ms
         ptxas info    : Compiling entry function '_Z25qk_int_sv_f16_attn_kernelILj128ELj64ELj16ELj64ELj128EL8DataType1EL16QuantGranularity2ELS1_2EfLb1E6__halfL11ComputeUnit0EL8MaskMode0ELb0ELb0EEvPaS5_PS2_PT9_PfS9_S9_S8_jjjjjjjjjjjjjjjf' for 'sm_120a'
         ptxas info    : Function properties for _Z25qk_int_sv_f16_attn_kernelILj128ELj64ELj16ELj64ELj128EL8DataType1EL16QuantGranularity2ELS1_2EfLb1E6__halfL11ComputeUnit0EL8MaskMode0ELb0ELb0EEvPaS5_PS2_PT9_PfS9_S9_S8_jjjjjjjjjjjjjjjf
             8 bytes stack frame, 8 bytes spill stores, 8 bytes spill loads
         ptxas info    : Used 255 registers, used 1 barriers, 8 bytes cumulative stack size
         ptxas info    : Compile time = 189.716 ms
         ptxas info    : Compiling entry function '_Z25qk_int_sv_f16_attn_kernelILj128ELj64ELj16ELj64ELj128EL8DataType1EL16QuantGranularity2ELS1_2EfLb1E13__nv_bfloat16L11ComputeUnit0EL8MaskMode0ELb1ELb0EEvPaS5_P6__halfPT9_PfSA_SA_S9_jjjjjjjjjjjjjjjf' for 'sm_120a'
         ptxas info    : Function properties for _Z25qk_int_sv_f16_attn_kernelILj128ELj64ELj16ELj64ELj128EL8DataType1EL16QuantGranularity2ELS1_2EfLb1E13__nv_bfloat16L11ComputeUnit0EL8MaskMode0ELb1ELb0EEvPaS5_P6__halfPT9_PfSA_SA_S9_jjjjjjjjjjjjjjjf
             16 bytes stack frame, 0 bytes spill stores, 0 bytes spill loads
         ptxas info    : Used 255 registers, used 1 barriers, 16 bytes cumulative stack size
         ptxas info    : Compile time = 196.453 ms
         ptxas info    : Compiling entry function '_Z25qk_int_sv_f16_attn_kernelILj128ELj64ELj16ELj64ELj128EL8DataType1EL16QuantGranularity2ELS1_2EfLb1E6__halfL11ComputeUnit0EL8MaskMode0ELb1ELb0EEvPaS5_PS2_PT9_PfS9_S9_S8_jjjjjjjjjjjjjjjf' for 'sm_120a'
         ptxas info    : Function properties for _Z25qk_int_sv_f16_attn_kernelILj128ELj64ELj16ELj64ELj128EL8DataType1EL16QuantGranularity2ELS1_2EfLb1E6__halfL11ComputeUnit0EL8MaskMode0ELb1ELb0EEvPaS5_PS2_PT9_PfS9_S9_S8_jjjjjjjjjjjjjjjf
             16 bytes stack frame, 0 bytes spill stores, 0 bytes spill loads
         ptxas info    : Used 255 registers, used 1 barriers, 16 bytes cumulative stack size
         ptxas info    : Compile time = 195.779 ms
         ptxas info    : Compiling entry function '_Z25qk_int_sv_f16_attn_kernelILj128ELj64ELj16ELj64ELj128EL8DataType1EL16QuantGranularity3ELS1_3EfLb1E13__nv_bfloat16L11ComputeUnit0EL8MaskMode1ELb0ELb0EEvPaS5_P6__halfPT9_PfSA_SA_S9_jjjjjjjjjjjjjjjf' for 'sm_120a'
         ptxas info    : Function properties for _Z25qk_int_sv_f16_attn_kernelILj128ELj64ELj16ELj64ELj128EL8DataType1EL16QuantGranularity3ELS1_3EfLb1E13__nv_bfloat16L11ComputeUnit0EL8MaskMode1ELb0ELb0EEvPaS5_P6__halfPT9_PfSA_SA_S9_jjjjjjjjjjjjjjjf
             0 bytes stack frame, 0 bytes spill stores, 0 bytes spill loads
         ptxas info    : Used 255 registers, used 1 barriers
         ptxas info    : Compile time = 196.083 ms
         ptxas info    : Compiling entry function '_Z25qk_int_sv_f16_attn_kernelILj128ELj64ELj16ELj64ELj128EL8DataType1EL16QuantGranularity3ELS1_3EfLb1E6__halfL11ComputeUnit0EL8MaskMode1ELb0ELb0EEvPaS5_PS2_PT9_PfS9_S9_S8_jjjjjjjjjjjjjjjf' for 'sm_120a'
         ptxas info    : Function properties for _Z25qk_int_sv_f16_attn_kernelILj128ELj64ELj16ELj64ELj128EL8DataType1EL16QuantGranularity3ELS1_3EfLb1E6__halfL11ComputeUnit0EL8MaskMode1ELb0ELb0EEvPaS5_PS2_PT9_PfS9_S9_S8_jjjjjjjjjjjjjjjf
             0 bytes stack frame, 0 bytes spill stores, 0 bytes spill loads
         ptxas info    : Used 255 registers, used 1 barriers
         ptxas info    : Compile time = 197.764 ms
         ptxas info    : Compiling entry function '_Z25qk_int_sv_f16_attn_kernelILj128ELj64ELj16ELj64ELj128EL8DataType1EL16QuantGranularity3ELS1_3EfLb1E13__nv_bfloat16L11ComputeUnit0EL8MaskMode1ELb1ELb0EEvPaS5_P6__halfPT9_PfSA_SA_S9_jjjjjjjjjjjjjjjf' for 'sm_120a'
         ptxas info    : Function properties for _Z25qk_int_sv_f16_attn_kernelILj128ELj64ELj16ELj64ELj128EL8DataType1EL16QuantGranularity3ELS1_3EfLb1E13__nv_bfloat16L11ComputeUnit0EL8MaskMode1ELb1ELb0EEvPaS5_P6__halfPT9_PfSA_SA_S9_jjjjjjjjjjjjjjjf
             16 bytes stack frame, 0 bytes spill stores, 0 bytes spill loads
         ptxas info    : Used 255 registers, used 1 barriers, 16 bytes cumulative stack size
         ptxas info    : Compile time = 199.737 ms
         ptxas info    : Compiling entry function '_Z25qk_int_sv_f16_attn_kernelILj128ELj64ELj16ELj64ELj128EL8DataType1EL16QuantGranularity3ELS1_3EfLb1E6__halfL11ComputeUnit0EL8MaskMode1ELb1ELb0EEvPaS5_PS2_PT9_PfS9_S9_S8_jjjjjjjjjjjjjjjf' for 'sm_120a'
         ptxas info    : Function properties for _Z25qk_int_sv_f16_attn_kernelILj128ELj64ELj16ELj64ELj128EL8DataType1EL16QuantGranularity3ELS1_3EfLb1E6__halfL11ComputeUnit0EL8MaskMode1ELb1ELb0EEvPaS5_PS2_PT9_PfS9_S9_S8_jjjjjjjjjjjjjjjf
             16 bytes stack frame, 0 bytes spill stores, 0 bytes spill loads
         ptxas info    : Used 255 registers, used 1 barriers, 16 bytes cumulative stack size
         ptxas info    : Compile time = 200.181 ms
         ptxas info    : Compiling entry function '_Z25qk_int_sv_f16_attn_kernelILj128ELj64ELj16ELj64ELj128EL8DataType1EL16QuantGranularity2ELS1_2EfLb1E13__nv_bfloat16L11ComputeUnit0EL8MaskMode1ELb0ELb0EEvPaS5_P6__halfPT9_PfSA_SA_S9_jjjjjjjjjjjjjjjf' for 'sm_120a'
         ptxas info    : Function properties for _Z25qk_int_sv_f16_attn_kernelILj128ELj64ELj16ELj64ELj128EL8DataType1EL16QuantGranularity2ELS1_2EfLb1E13__nv_bfloat16L11ComputeUnit0EL8MaskMode1ELb0ELb0EEvPaS5_P6__halfPT9_PfSA_SA_S9_jjjjjjjjjjjjjjjf
             0 bytes stack frame, 0 bytes spill stores, 0 bytes spill loads
         ptxas info    : Used 254 registers, used 1 barriers
         ptxas info    : Compile time = 200.669 ms
         ptxas info    : Compiling entry function '_Z25qk_int_sv_f16_attn_kernelILj128ELj64ELj16ELj64ELj128EL8DataType1EL16QuantGranularity2ELS1_2EfLb1E6__halfL11ComputeUnit0EL8MaskMode1ELb0ELb0EEvPaS5_PS2_PT9_PfS9_S9_S8_jjjjjjjjjjjjjjjf' for 'sm_120a'
         ptxas info    : Function properties for _Z25qk_int_sv_f16_attn_kernelILj128ELj64ELj16ELj64ELj128EL8DataType1EL16QuantGranularity2ELS1_2EfLb1E6__halfL11ComputeUnit0EL8MaskMode1ELb0ELb0EEvPaS5_PS2_PT9_PfS9_S9_S8_jjjjjjjjjjjjjjjf
             0 bytes stack frame, 0 bytes spill stores, 0 bytes spill loads
         ptxas info    : Used 254 registers, used 1 barriers
         ptxas info    : Compile time = 195.836 ms
         ptxas info    : Compiling entry function '_Z25qk_int_sv_f16_attn_kernelILj128ELj64ELj16ELj64ELj128EL8DataType1EL16QuantGranularity2ELS1_2EfLb1E13__nv_bfloat16L11ComputeUnit0EL8MaskMode1ELb1ELb0EEvPaS5_P6__halfPT9_PfSA_SA_S9_jjjjjjjjjjjjjjjf' for 'sm_120a'
         ptxas info    : Function properties for _Z25qk_int_sv_f16_attn_kernelILj128ELj64ELj16ELj64ELj128EL8DataType1EL16QuantGranularity2ELS1_2EfLb1E13__nv_bfloat16L11ComputeUnit0EL8MaskMode1ELb1ELb0EEvPaS5_P6__halfPT9_PfSA_SA_S9_jjjjjjjjjjjjjjjf
             16 bytes stack frame, 0 bytes spill stores, 0 bytes spill loads
         ptxas info    : Used 255 registers, used 1 barriers, 16 bytes cumulative stack size
         ptxas info    : Compile time = 200.943 ms
         ptxas info    : Compiling entry function '_Z25qk_int_sv_f16_attn_kernelILj128ELj64ELj16ELj64ELj128EL8DataType1EL16QuantGranularity2ELS1_2EfLb1E6__halfL11ComputeUnit0EL8MaskMode1ELb1ELb0EEvPaS5_PS2_PT9_PfS9_S9_S8_jjjjjjjjjjjjjjjf' for 'sm_120a'
         ptxas info    : Function properties for _Z25qk_int_sv_f16_attn_kernelILj128ELj64ELj16ELj64ELj128EL8DataType1EL16QuantGranularity2ELS1_2EfLb1E6__halfL11ComputeUnit0EL8MaskMode1ELb1ELb0EEvPaS5_PS2_PT9_PfS9_S9_S8_jjjjjjjjjjjjjjjf
             16 bytes stack frame, 0 bytes spill stores, 0 bytes spill loads
         ptxas info    : Used 255 registers, used 1 barriers, 16 bytes cumulative stack size
         ptxas info    : Compile time = 202.514 ms
         ptxas info    : Compiling entry function '_Z25qk_int_sv_f16_attn_kernelILj128ELj64ELj32ELj64ELj64EL8DataType1EL16QuantGranularity3ELS1_3EfLb1E13__nv_bfloat16L11ComputeUnit0EL8MaskMode0ELb0ELb0EEvPaS5_P6__halfPT9_PfSA_SA_S9_jjjjjjjjjjjjjjjf' for 'sm_120a'
         ptxas info    : Function properties for _Z25qk_int_sv_f16_attn_kernelILj128ELj64ELj32ELj64ELj64EL8DataType1EL16QuantGranularity3ELS1_3EfLb1E13__nv_bfloat16L11ComputeUnit0EL8MaskMode0ELb0ELb0EEvPaS5_P6__halfPT9_PfSA_SA_S9_jjjjjjjjjjjjjjjf
             0 bytes stack frame, 0 bytes spill stores, 0 bytes spill loads
         ptxas info    : Used 254 registers, used 1 barriers
         ptxas info    : Compile time = 180.040 ms
         ptxas info    : Compiling entry function '_Z25qk_int_sv_f16_attn_kernelILj128ELj64ELj32ELj64ELj64EL8DataType1EL16QuantGranularity3ELS1_3EfLb1E6__halfL11ComputeUnit0EL8MaskMode0ELb0ELb0EEvPaS5_PS2_PT9_PfS9_S9_S8_jjjjjjjjjjjjjjjf' for 'sm_120a'
         ptxas info    : Function properties for _Z25qk_int_sv_f16_attn_kernelILj128ELj64ELj32ELj64ELj64EL8DataType1EL16QuantGranularity3ELS1_3EfLb1E6__halfL11ComputeUnit0EL8MaskMode0ELb0ELb0EEvPaS5_PS2_PT9_PfS9_S9_S8_jjjjjjjjjjjjjjjf
             0 bytes stack frame, 0 bytes spill stores, 0 bytes spill loads
         ptxas info    : Used 254 registers, used 1 barriers
         ptxas info    : Compile time = 179.452 ms
         ptxas info    : Compiling entry function '_Z25qk_int_sv_f16_attn_kernelILj128ELj64ELj32ELj64ELj64EL8DataType1EL16QuantGranularity3ELS1_3EfLb1E13__nv_bfloat16L11ComputeUnit0EL8MaskMode0ELb1ELb0EEvPaS5_P6__halfPT9_PfSA_SA_S9_jjjjjjjjjjjjjjjf' for 'sm_120a'
         ptxas info    : Function properties for _Z25qk_int_sv_f16_attn_kernelILj128ELj64ELj32ELj64ELj64EL8DataType1EL16QuantGranularity3ELS1_3EfLb1E13__nv_bfloat16L11ComputeUnit0EL8MaskMode0ELb1ELb0EEvPaS5_P6__halfPT9_PfSA_SA_S9_jjjjjjjjjjjjjjjf
             32 bytes stack frame, 0 bytes spill stores, 0 bytes spill loads
         ptxas info    : Used 245 registers, used 1 barriers, 32 bytes cumulative stack size
         ptxas info    : Compile time = 179.625 ms
         ptxas info    : Compiling entry function '_Z25qk_int_sv_f16_attn_kernelILj128ELj64ELj32ELj64ELj64EL8DataType1EL16QuantGranularity3ELS1_3EfLb1E6__halfL11ComputeUnit0EL8MaskMode0ELb1ELb0EEvPaS5_PS2_PT9_PfS9_S9_S8_jjjjjjjjjjjjjjjf' for 'sm_120a'
         ptxas info    : Function properties for _Z25qk_int_sv_f16_attn_kernelILj128ELj64ELj32ELj64ELj64EL8DataType1EL16QuantGranularity3ELS1_3EfLb1E6__halfL11ComputeUnit0EL8MaskMode0ELb1ELb0EEvPaS5_PS2_PT9_PfS9_S9_S8_jjjjjjjjjjjjjjjf
             32 bytes stack frame, 0 bytes spill stores, 0 bytes spill loads
         ptxas info    : Used 245 registers, used 1 barriers, 32 bytes cumulative stack size
         ptxas info    : Compile time = 177.279 ms
         ptxas info    : Compiling entry function '_Z25qk_int_sv_f16_attn_kernelILj128ELj64ELj32ELj64ELj64EL8DataType1EL16QuantGranularity2ELS1_2EfLb1E13__nv_bfloat16L11ComputeUnit0EL8MaskMode0ELb0ELb0EEvPaS5_P6__halfPT9_PfSA_SA_S9_jjjjjjjjjjjjjjjf' for 'sm_120a'
         ptxas info    : Function properties for _Z25qk_int_sv_f16_attn_kernelILj128ELj64ELj32ELj64ELj64EL8DataType1EL16QuantGranularity2ELS1_2EfLb1E13__nv_bfloat16L11ComputeUnit0EL8MaskMode0ELb0ELb0EEvPaS5_P6__halfPT9_PfSA_SA_S9_jjjjjjjjjjjjjjjf
             0 bytes stack frame, 0 bytes spill stores, 0 bytes spill loads
         ptxas info    : Used 254 registers, used 1 barriers
         ptxas info    : Compile time = 176.341 ms
         ptxas info    : Compiling entry function '_Z25qk_int_sv_f16_attn_kernelILj128ELj64ELj32ELj64ELj64EL8DataType1EL16QuantGranularity2ELS1_2EfLb1E6__halfL11ComputeUnit0EL8MaskMode0ELb0ELb0EEvPaS5_PS2_PT9_PfS9_S9_S8_jjjjjjjjjjjjjjjf' for 'sm_120a'
         ptxas info    : Function properties for _Z25qk_int_sv_f16_attn_kernelILj128ELj64ELj32ELj64ELj64EL8DataType1EL16QuantGranularity2ELS1_2EfLb1E6__halfL11ComputeUnit0EL8MaskMode0ELb0ELb0EEvPaS5_PS2_PT9_PfS9_S9_S8_jjjjjjjjjjjjjjjf
             0 bytes stack frame, 0 bytes spill stores, 0 bytes spill loads
         ptxas info    : Used 254 registers, used 1 barriers
         ptxas info    : Compile time = 180.356 ms
         ptxas info    : Compiling entry function '_Z25qk_int_sv_f16_attn_kernelILj128ELj64ELj32ELj64ELj64EL8DataType1EL16QuantGranularity2ELS1_2EfLb1E13__nv_bfloat16L11ComputeUnit0EL8MaskMode0ELb1ELb0EEvPaS5_P6__halfPT9_PfSA_SA_S9_jjjjjjjjjjjjjjjf' for 'sm_120a'
         ptxas info    : Function properties for _Z25qk_int_sv_f16_attn_kernelILj128ELj64ELj32ELj64ELj64EL8DataType1EL16QuantGranularity2ELS1_2EfLb1E13__nv_bfloat16L11ComputeUnit0EL8MaskMode0ELb1ELb0EEvPaS5_P6__halfPT9_PfSA_SA_S9_jjjjjjjjjjjjjjjf
             32 bytes stack frame, 0 bytes spill stores, 0 bytes spill loads
         ptxas info    : Used 245 registers, used 1 barriers, 32 bytes cumulative stack size
         ptxas info    : Compile time = 180.269 ms
         ptxas info    : Compiling entry function '_Z25qk_int_sv_f16_attn_kernelILj128ELj64ELj32ELj64ELj64EL8DataType1EL16QuantGranularity2ELS1_2EfLb1E6__halfL11ComputeUnit0EL8MaskMode0ELb1ELb0EEvPaS5_PS2_PT9_PfS9_S9_S8_jjjjjjjjjjjjjjjf' for 'sm_120a'
         ptxas info    : Function properties for _Z25qk_int_sv_f16_attn_kernelILj128ELj64ELj32ELj64ELj64EL8DataType1EL16QuantGranularity2ELS1_2EfLb1E6__halfL11ComputeUnit0EL8MaskMode0ELb1ELb0EEvPaS5_PS2_PT9_PfS9_S9_S8_jjjjjjjjjjjjjjjf
             32 bytes stack frame, 0 bytes spill stores, 0 bytes spill loads
         ptxas info    : Used 245 registers, used 1 barriers, 32 bytes cumulative stack size
         ptxas info    : Compile time = 181.039 ms
         ptxas info    : Compiling entry function '_Z25qk_int_sv_f16_attn_kernelILj128ELj64ELj32ELj64ELj64EL8DataType1EL16QuantGranularity3ELS1_3EfLb1E13__nv_bfloat16L11ComputeUnit0EL8MaskMode1ELb0ELb0EEvPaS5_P6__halfPT9_PfSA_SA_S9_jjjjjjjjjjjjjjjf' for 'sm_120a'
         ptxas info    : Function properties for _Z25qk_int_sv_f16_attn_kernelILj128ELj64ELj32ELj64ELj64EL8DataType1EL16QuantGranularity3ELS1_3EfLb1E13__nv_bfloat16L11ComputeUnit0EL8MaskMode1ELb0ELb0EEvPaS5_P6__halfPT9_PfSA_SA_S9_jjjjjjjjjjjjjjjf
             0 bytes stack frame, 0 bytes spill stores, 0 bytes spill loads
         ptxas info    : Used 238 registers, used 1 barriers
         ptxas info    : Compile time = 197.410 ms
         ptxas info    : Compiling entry function '_Z25qk_int_sv_f16_attn_kernelILj128ELj64ELj32ELj64ELj64EL8DataType1EL16QuantGranularity3ELS1_3EfLb1E6__halfL11ComputeUnit0EL8MaskMode1ELb0ELb0EEvPaS5_PS2_PT9_PfS9_S9_S8_jjjjjjjjjjjjjjjf' for 'sm_120a'
         ptxas info    : Function properties for _Z25qk_int_sv_f16_attn_kernelILj128ELj64ELj32ELj64ELj64EL8DataType1EL16QuantGranularity3ELS1_3EfLb1E6__halfL11ComputeUnit0EL8MaskMode1ELb0ELb0EEvPaS5_PS2_PT9_PfS9_S9_S8_jjjjjjjjjjjjjjjf
             0 bytes stack frame, 0 bytes spill stores, 0 bytes spill loads
         ptxas info    : Used 238 registers, used 1 barriers
         ptxas info    : Compile time = 193.682 ms
         ptxas info    : Compiling entry function '_Z25qk_int_sv_f16_attn_kernelILj128ELj64ELj32ELj64ELj64EL8DataType1EL16QuantGranularity3ELS1_3EfLb1E13__nv_bfloat16L11ComputeUnit0EL8MaskMode1ELb1ELb0EEvPaS5_P6__halfPT9_PfSA_SA_S9_jjjjjjjjjjjjjjjf' for 'sm_120a'
         ptxas info    : Function properties for _Z25qk_int_sv_f16_attn_kernelILj128ELj64ELj32ELj64ELj64EL8DataType1EL16QuantGranularity3ELS1_3EfLb1E13__nv_bfloat16L11ComputeUnit0EL8MaskMode1ELb1ELb0EEvPaS5_P6__halfPT9_PfSA_SA_S9_jjjjjjjjjjjjjjjf
             32 bytes stack frame, 0 bytes spill stores, 0 bytes spill loads
         ptxas info    : Used 249 registers, used 1 barriers, 32 bytes cumulative stack size
         ptxas info    : Compile time = 195.900 ms
         ptxas info    : Compiling entry function '_Z25qk_int_sv_f16_attn_kernelILj128ELj64ELj32ELj64ELj64EL8DataType1EL16QuantGranularity3ELS1_3EfLb1E6__halfL11ComputeUnit0EL8MaskMode1ELb1ELb0EEvPaS5_PS2_PT9_PfS9_S9_S8_jjjjjjjjjjjjjjjf' for 'sm_120a'
         ptxas info    : Function properties for _Z25qk_int_sv_f16_attn_kernelILj128ELj64ELj32ELj64ELj64EL8DataType1EL16QuantGranularity3ELS1_3EfLb1E6__halfL11ComputeUnit0EL8MaskMode1ELb1ELb0EEvPaS5_PS2_PT9_PfS9_S9_S8_jjjjjjjjjjjjjjjf
             32 bytes stack frame, 0 bytes spill stores, 0 bytes spill loads
         ptxas info    : Used 249 registers, used 1 barriers, 32 bytes cumulative stack size
         ptxas info    : Compile time = 197.603 ms
         ptxas info    : Compiling entry function '_Z25qk_int_sv_f16_attn_kernelILj128ELj64ELj32ELj64ELj64EL8DataType1EL16QuantGranularity2ELS1_2EfLb1E13__nv_bfloat16L11ComputeUnit0EL8MaskMode1ELb0ELb0EEvPaS5_P6__halfPT9_PfSA_SA_S9_jjjjjjjjjjjjjjjf' for 'sm_120a'
         ptxas info    : Function properties for _Z25qk_int_sv_f16_attn_kernelILj128ELj64ELj32ELj64ELj64EL8DataType1EL16QuantGranularity2ELS1_2EfLb1E13__nv_bfloat16L11ComputeUnit0EL8MaskMode1ELb0ELb0EEvPaS5_P6__halfPT9_PfSA_SA_S9_jjjjjjjjjjjjjjjf
             0 bytes stack frame, 0 bytes spill stores, 0 bytes spill loads
         ptxas info    : Used 238 registers, used 1 barriers
         ptxas info    : Compile time = 194.657 ms
         ptxas info    : Compiling entry function '_Z25qk_int_sv_f16_attn_kernelILj128ELj64ELj32ELj64ELj64EL8DataType1EL16QuantGranularity2ELS1_2EfLb1E6__halfL11ComputeUnit0EL8MaskMode1ELb0ELb0EEvPaS5_PS2_PT9_PfS9_S9_S8_jjjjjjjjjjjjjjjf' for 'sm_120a'
         ptxas info    : Function properties for _Z25qk_int_sv_f16_attn_kernelILj128ELj64ELj32ELj64ELj64EL8DataType1EL16QuantGranularity2ELS1_2EfLb1E6__halfL11ComputeUnit0EL8MaskMode1ELb0ELb0EEvPaS5_PS2_PT9_PfS9_S9_S8_jjjjjjjjjjjjjjjf
             0 bytes stack frame, 0 bytes spill stores, 0 bytes spill loads
         ptxas info    : Used 238 registers, used 1 barriers
         ptxas info    : Compile time = 193.435 ms
         ptxas info    : Compiling entry function '_Z25qk_int_sv_f16_attn_kernelILj128ELj64ELj32ELj64ELj64EL8DataType1EL16QuantGranularity2ELS1_2EfLb1E13__nv_bfloat16L11ComputeUnit0EL8MaskMode1ELb1ELb0EEvPaS5_P6__halfPT9_PfSA_SA_S9_jjjjjjjjjjjjjjjf' for 'sm_120a'
         ptxas info    : Function properties for _Z25qk_int_sv_f16_attn_kernelILj128ELj64ELj32ELj64ELj64EL8DataType1EL16QuantGranularity2ELS1_2EfLb1E13__nv_bfloat16L11ComputeUnit0EL8MaskMode1ELb1ELb0EEvPaS5_P6__halfPT9_PfSA_SA_S9_jjjjjjjjjjjjjjjf
             32 bytes stack frame, 0 bytes spill stores, 0 bytes spill loads
         ptxas info    : Used 249 registers, used 1 barriers, 32 bytes cumulative stack size
         ptxas info    : Compile time = 192.891 ms
         ptxas info    : Compiling entry function '_Z25qk_int_sv_f16_attn_kernelILj128ELj64ELj32ELj64ELj64EL8DataType1EL16QuantGranularity2ELS1_2EfLb1E6__halfL11ComputeUnit0EL8MaskMode1ELb1ELb0EEvPaS5_PS2_PT9_PfS9_S9_S8_jjjjjjjjjjjjjjjf' for 'sm_120a'
         ptxas info    : Function properties for _Z25qk_int_sv_f16_attn_kernelILj128ELj64ELj32ELj64ELj64EL8DataType1EL16QuantGranularity2ELS1_2EfLb1E6__halfL11ComputeUnit0EL8MaskMode1ELb1ELb0EEvPaS5_PS2_PT9_PfS9_S9_S8_jjjjjjjjjjjjjjjf
             32 bytes stack frame, 0 bytes spill stores, 0 bytes spill loads
         ptxas info    : Used 249 registers, used 1 barriers, 32 bytes cumulative stack size
         ptxas info    : Compile time = 193.323 ms
         ptxas info    : Compiling entry function '_Z25qk_int_sv_f16_attn_kernelILj128ELj64ELj32ELj64ELj128EL8DataType1EL16QuantGranularity3ELS1_3E6__halfLb0E13__nv_bfloat16L11ComputeUnit0EL8MaskMode0ELb0ELb0EEvPaS6_PS2_PT9_PfSA_SA_S9_jjjjjjjjjjjjjjjf' for 'sm_120a'
         ptxas info    : Function properties for _Z25qk_int_sv_f16_attn_kernelILj128ELj64ELj32ELj64ELj128EL8DataType1EL16QuantGranularity3ELS1_3E6__halfLb0E13__nv_bfloat16L11ComputeUnit0EL8MaskMode0ELb0ELb0EEvPaS6_PS2_PT9_PfSA_SA_S9_jjjjjjjjjjjjjjjf
             0 bytes stack frame, 0 bytes spill stores, 0 bytes spill loads
         ptxas info    : Used 250 registers, used 1 barriers
         ptxas info    : Compile time = 304.980 ms
         ptxas info    : Compiling entry function '_Z25qk_int_sv_f16_attn_kernelILj128ELj64ELj32ELj64ELj128EL8DataType1EL16QuantGranularity3ELS1_3E6__halfLb0ES2_L11ComputeUnit0EL8MaskMode0ELb0ELb0EEvPaS5_PS2_PT9_PfS9_S9_S8_jjjjjjjjjjjjjjjf' for 'sm_120a'
         ptxas info    : Function properties for _Z25qk_int_sv_f16_attn_kernelILj128ELj64ELj32ELj64ELj128EL8DataType1EL16QuantGranularity3ELS1_3E6__halfLb0ES2_L11ComputeUnit0EL8MaskMode0ELb0ELb0EEvPaS5_PS2_PT9_PfS9_S9_S8_jjjjjjjjjjjjjjjf
             0 bytes stack frame, 0 bytes spill stores, 0 bytes spill loads
         ptxas info    : Used 250 registers, used 1 barriers
         ptxas info    : Compile time = 294.782 ms
         ptxas info    : Compiling entry function '_Z25qk_int_sv_f16_attn_kernelILj128ELj64ELj32ELj64ELj128EL8DataType1EL16QuantGranularity3ELS1_3E6__halfLb0E13__nv_bfloat16L11ComputeUnit0EL8MaskMode0ELb1ELb0EEvPaS6_PS2_PT9_PfSA_SA_S9_jjjjjjjjjjjjjjjf' for 'sm_120a'
         ptxas info    : Function properties for _Z25qk_int_sv_f16_attn_kernelILj128ELj64ELj32ELj64ELj128EL8DataType1EL16QuantGranularity3ELS1_3E6__halfLb0E13__nv_bfloat16L11ComputeUnit0EL8MaskMode0ELb1ELb0EEvPaS6_PS2_PT9_PfSA_SA_S9_jjjjjjjjjjjjjjjf
             32 bytes stack frame, 0 bytes spill stores, 0 bytes spill loads
         ptxas info    : Used 248 registers, used 1 barriers, 32 bytes cumulative stack size
         ptxas info    : Compile time = 332.407 ms
         ptxas info    : Compiling entry function '_Z25qk_int_sv_f16_attn_kernelILj128ELj64ELj32ELj64ELj128EL8DataType1EL16QuantGranularity3ELS1_3E6__halfLb0ES2_L11ComputeUnit0EL8MaskMode0ELb1ELb0EEvPaS5_PS2_PT9_PfS9_S9_S8_jjjjjjjjjjjjjjjf' for 'sm_120a'
         ptxas info    : Function properties for _Z25qk_int_sv_f16_attn_kernelILj128ELj64ELj32ELj64ELj128EL8DataType1EL16QuantGranularity3ELS1_3E6__halfLb0ES2_L11ComputeUnit0EL8MaskMode0ELb1ELb0EEvPaS5_PS2_PT9_PfS9_S9_S8_jjjjjjjjjjjjjjjf
             32 bytes stack frame, 0 bytes spill stores, 0 bytes spill loads
         ptxas info    : Used 248 registers, used 1 barriers, 32 bytes cumulative stack size
         ptxas info    : Compile time = 296.761 ms
         ptxas info    : Compiling entry function '_Z25qk_int_sv_f16_attn_kernelILj128ELj64ELj32ELj64ELj128EL8DataType1EL16QuantGranularity2ELS1_2E6__halfLb0E13__nv_bfloat16L11ComputeUnit0EL8MaskMode0ELb0ELb0EEvPaS6_PS2_PT9_PfSA_SA_S9_jjjjjjjjjjjjjjjf' for 'sm_120a'
         ptxas info    : Function properties for _Z25qk_int_sv_f16_attn_kernelILj128ELj64ELj32ELj64ELj128EL8DataType1EL16QuantGranularity2ELS1_2E6__halfLb0E13__nv_bfloat16L11ComputeUnit0EL8MaskMode0ELb0ELb0EEvPaS6_PS2_PT9_PfSA_SA_S9_jjjjjjjjjjjjjjjf
             0 bytes stack frame, 0 bytes spill stores, 0 bytes spill loads
         ptxas info    : Used 252 registers, used 1 barriers
         ptxas info    : Compile time = 312.821 ms
         ptxas info    : Compiling entry function '_Z25qk_int_sv_f16_attn_kernelILj128ELj64ELj32ELj64ELj128EL8DataType1EL16QuantGranularity2ELS1_2E6__halfLb0ES2_L11ComputeUnit0EL8MaskMode0ELb0ELb0EEvPaS5_PS2_PT9_PfS9_S9_S8_jjjjjjjjjjjjjjjf' for 'sm_120a'
         ptxas info    : Function properties for _Z25qk_int_sv_f16_attn_kernelILj128ELj64ELj32ELj64ELj128EL8DataType1EL16QuantGranularity2ELS1_2E6__halfLb0ES2_L11ComputeUnit0EL8MaskMode0ELb0ELb0EEvPaS5_PS2_PT9_PfS9_S9_S8_jjjjjjjjjjjjjjjf
             0 bytes stack frame, 0 bytes spill stores, 0 bytes spill loads
         ptxas info    : Used 252 registers, used 1 barriers
         ptxas info    : Compile time = 297.641 ms
         ptxas info    : Compiling entry function '_Z25qk_int_sv_f16_attn_kernelILj128ELj64ELj32ELj64ELj128EL8DataType1EL16QuantGranularity2ELS1_2E6__halfLb0E13__nv_bfloat16L11ComputeUnit0EL8MaskMode0ELb1ELb0EEvPaS6_PS2_PT9_PfSA_SA_S9_jjjjjjjjjjjjjjjf' for 'sm_120a'
         ptxas info    : Function properties for _Z25qk_int_sv_f16_attn_kernelILj128ELj64ELj32ELj64ELj128EL8DataType1EL16QuantGranularity2ELS1_2E6__halfLb0E13__nv_bfloat16L11ComputeUnit0EL8MaskMode0ELb1ELb0EEvPaS6_PS2_PT9_PfSA_SA_S9_jjjjjjjjjjjjjjjf
             32 bytes stack frame, 0 bytes spill stores, 0 bytes spill loads
         ptxas info    : Used 250 registers, used 1 barriers, 32 bytes cumulative stack size
         ptxas info    : Compile time = 295.654 ms
         ptxas info    : Compiling entry function '_Z25qk_int_sv_f16_attn_kernelILj128ELj64ELj32ELj64ELj128EL8DataType1EL16QuantGranularity2ELS1_2E6__halfLb0ES2_L11ComputeUnit0EL8MaskMode0ELb1ELb0EEvPaS5_PS2_PT9_PfS9_S9_S8_jjjjjjjjjjjjjjjf' for 'sm_120a'
         ptxas info    : Function properties for _Z25qk_int_sv_f16_attn_kernelILj128ELj64ELj32ELj64ELj128EL8DataType1EL16QuantGranularity2ELS1_2E6__halfLb0ES2_L11ComputeUnit0EL8MaskMode0ELb1ELb0EEvPaS5_PS2_PT9_PfS9_S9_S8_jjjjjjjjjjjjjjjf
             32 bytes stack frame, 0 bytes spill stores, 0 bytes spill loads
         ptxas info    : Used 250 registers, used 1 barriers, 32 bytes cumulative stack size
         ptxas info    : Compile time = 269.970 ms
         ptxas info    : Compiling entry function '_Z25qk_int_sv_f16_attn_kernelILj128ELj64ELj32ELj64ELj128EL8DataType1EL16QuantGranularity3ELS1_3E6__halfLb0E13__nv_bfloat16L11ComputeUnit0EL8MaskMode1ELb0ELb0EEvPaS6_PS2_PT9_PfSA_SA_S9_jjjjjjjjjjjjjjjf' for 'sm_120a'
         ptxas info    : Function properties for _Z25qk_int_sv_f16_attn_kernelILj128ELj64ELj32ELj64ELj128EL8DataType1EL16QuantGranularity3ELS1_3E6__halfLb0E13__nv_bfloat16L11ComputeUnit0EL8MaskMode1ELb0ELb0EEvPaS6_PS2_PT9_PfSA_SA_S9_jjjjjjjjjjjjjjjf
             0 bytes stack frame, 0 bytes spill stores, 0 bytes spill loads
         ptxas info    : Used 252 registers, used 1 barriers
         ptxas info    : Compile time = 324.803 ms
         ptxas info    : Compiling entry function '_Z25qk_int_sv_f16_attn_kernelILj128ELj64ELj32ELj64ELj128EL8DataType1EL16QuantGranularity3ELS1_3E6__halfLb0ES2_L11ComputeUnit0EL8MaskMode1ELb0ELb0EEvPaS5_PS2_PT9_PfS9_S9_S8_jjjjjjjjjjjjjjjf' for 'sm_120a'
         ptxas info    : Function properties for _Z25qk_int_sv_f16_attn_kernelILj128ELj64ELj32ELj64ELj128EL8DataType1EL16QuantGranularity3ELS1_3E6__halfLb0ES2_L11ComputeUnit0EL8MaskMode1ELb0ELb0EEvPaS5_PS2_PT9_PfS9_S9_S8_jjjjjjjjjjjjjjjf
             0 bytes stack frame, 0 bytes spill stores, 0 bytes spill loads
         ptxas info    : Used 252 registers, used 1 barriers
         ptxas info    : Compile time = 308.883 ms
         ptxas info    : Compiling entry function '_Z25qk_int_sv_f16_attn_kernelILj128ELj64ELj32ELj64ELj128EL8DataType1EL16QuantGranularity3ELS1_3E6__halfLb0E13__nv_bfloat16L11ComputeUnit0EL8MaskMode1ELb1ELb0EEvPaS6_PS2_PT9_PfSA_SA_S9_jjjjjjjjjjjjjjjf' for 'sm_120a'
         ptxas info    : Function properties for _Z25qk_int_sv_f16_attn_kernelILj128ELj64ELj32ELj64ELj128EL8DataType1EL16QuantGranularity3ELS1_3E6__halfLb0E13__nv_bfloat16L11ComputeUnit0EL8MaskMode1ELb1ELb0EEvPaS6_PS2_PT9_PfSA_SA_S9_jjjjjjjjjjjjjjjf
             32 bytes stack frame, 0 bytes spill stores, 0 bytes spill loads
         ptxas info    : Used 250 registers, used 1 barriers, 32 bytes cumulative stack size
         ptxas info    : Compile time = 299.036 ms
         ptxas info    : Compiling entry function '_Z25qk_int_sv_f16_attn_kernelILj128ELj64ELj32ELj64ELj128EL8DataType1EL16QuantGranularity3ELS1_3E6__halfLb0ES2_L11ComputeUnit0EL8MaskMode1ELb1ELb0EEvPaS5_PS2_PT9_PfS9_S9_S8_jjjjjjjjjjjjjjjf' for 'sm_120a'
         ptxas info    : Function properties for _Z25qk_int_sv_f16_attn_kernelILj128ELj64ELj32ELj64ELj128EL8DataType1EL16QuantGranularity3ELS1_3E6__halfLb0ES2_L11ComputeUnit0EL8MaskMode1ELb1ELb0EEvPaS5_PS2_PT9_PfS9_S9_S8_jjjjjjjjjjjjjjjf
             32 bytes stack frame, 0 bytes spill stores, 0 bytes spill loads
         ptxas info    : Used 254 registers, used 1 barriers, 32 bytes cumulative stack size
         ptxas info    : Compile time = 281.693 ms
         ptxas info    : Compiling entry function '_Z25qk_int_sv_f16_attn_kernelILj128ELj64ELj32ELj64ELj128EL8DataType1EL16QuantGranularity2ELS1_2E6__halfLb0E13__nv_bfloat16L11ComputeUnit0EL8MaskMode1ELb0ELb0EEvPaS6_PS2_PT9_PfSA_SA_S9_jjjjjjjjjjjjjjjf' for 'sm_120a'
         ptxas info    : Function properties for _Z25qk_int_sv_f16_attn_kernelILj128ELj64ELj32ELj64ELj128EL8DataType1EL16QuantGranularity2ELS1_2E6__halfLb0E13__nv_bfloat16L11ComputeUnit0EL8MaskMode1ELb0ELb0EEvPaS6_PS2_PT9_PfSA_SA_S9_jjjjjjjjjjjjjjjf
             0 bytes stack frame, 0 bytes spill stores, 0 bytes spill loads
         ptxas info    : Used 252 registers, used 1 barriers
         ptxas info    : Compile time = 311.080 ms
         ptxas info    : Compiling entry function '_Z25qk_int_sv_f16_attn_kernelILj128ELj64ELj32ELj64ELj128EL8DataType1EL16QuantGranularity2ELS1_2E6__halfLb0ES2_L11ComputeUnit0EL8MaskMode1ELb0ELb0EEvPaS5_PS2_PT9_PfS9_S9_S8_jjjjjjjjjjjjjjjf' for 'sm_120a'
         ptxas info    : Function properties for _Z25qk_int_sv_f16_attn_kernelILj128ELj64ELj32ELj64ELj128EL8DataType1EL16QuantGranularity2ELS1_2E6__halfLb0ES2_L11ComputeUnit0EL8MaskMode1ELb0ELb0EEvPaS5_PS2_PT9_PfS9_S9_S8_jjjjjjjjjjjjjjjf
             0 bytes stack frame, 0 bytes spill stores, 0 bytes spill loads
         ptxas info    : Used 252 registers, used 1 barriers
         ptxas info    : Compile time = 300.431 ms
         ptxas info    : Compiling entry function '_Z25qk_int_sv_f16_attn_kernelILj128ELj64ELj32ELj64ELj128EL8DataType1EL16QuantGranularity2ELS1_2E6__halfLb0E13__nv_bfloat16L11ComputeUnit0EL8MaskMode1ELb1ELb0EEvPaS6_PS2_PT9_PfSA_SA_S9_jjjjjjjjjjjjjjjf' for 'sm_120a'
         ptxas info    : Function properties for _Z25qk_int_sv_f16_attn_kernelILj128ELj64ELj32ELj64ELj128EL8DataType1EL16QuantGranularity2ELS1_2E6__halfLb0E13__nv_bfloat16L11ComputeUnit0EL8MaskMode1ELb1ELb0EEvPaS6_PS2_PT9_PfSA_SA_S9_jjjjjjjjjjjjjjjf
             32 bytes stack frame, 0 bytes spill stores, 0 bytes spill loads
         ptxas info    : Used 248 registers, used 1 barriers, 32 bytes cumulative stack size
         ptxas info    : Compile time = 296.584 ms
         ptxas info    : Compiling entry function '_Z25qk_int_sv_f16_attn_kernelILj128ELj64ELj32ELj64ELj128EL8DataType1EL16QuantGranularity2ELS1_2E6__halfLb0ES2_L11ComputeUnit0EL8MaskMode1ELb1ELb0EEvPaS5_PS2_PT9_PfS9_S9_S8_jjjjjjjjjjjjjjjf' for 'sm_120a'
         ptxas info    : Function properties for _Z25qk_int_sv_f16_attn_kernelILj128ELj64ELj32ELj64ELj128EL8DataType1EL16QuantGranularity2ELS1_2E6__halfLb0ES2_L11ComputeUnit0EL8MaskMode1ELb1ELb0EEvPaS5_PS2_PT9_PfS9_S9_S8_jjjjjjjjjjjjjjjf
             32 bytes stack frame, 0 bytes spill stores, 0 bytes spill loads
         ptxas info    : Used 254 registers, used 1 barriers, 32 bytes cumulative stack size
         ptxas info    : Compile time = 284.009 ms
         ptxas info    : Compiling entry function '_Z25qk_int_sv_f16_attn_kernelILj128ELj64ELj32ELj64ELj64EL8DataType1EL16QuantGranularity3ELS1_3E6__halfLb0E13__nv_bfloat16L11ComputeUnit0EL8MaskMode0ELb0ELb0EEvPaS6_PS2_PT9_PfSA_SA_S9_jjjjjjjjjjjjjjjf' for 'sm_120a'
         ptxas info    : Function properties for _Z25qk_int_sv_f16_attn_kernelILj128ELj64ELj32ELj64ELj64EL8DataType1EL16QuantGranularity3ELS1_3E6__halfLb0E13__nv_bfloat16L11ComputeUnit0EL8MaskMode0ELb0ELb0EEvPaS6_PS2_PT9_PfSA_SA_S9_jjjjjjjjjjjjjjjf
             0 bytes stack frame, 0 bytes spill stores, 0 bytes spill loads
         ptxas info    : Used 203 registers, used 1 barriers
         ptxas info    : Compile time = 168.898 ms
         ptxas info    : Compiling entry function '_Z25qk_int_sv_f16_attn_kernelILj128ELj64ELj32ELj64ELj64EL8DataType1EL16QuantGranularity3ELS1_3E6__halfLb0ES2_L11ComputeUnit0EL8MaskMode0ELb0ELb0EEvPaS5_PS2_PT9_PfS9_S9_S8_jjjjjjjjjjjjjjjf' for 'sm_120a'
         ptxas info    : Function properties for _Z25qk_int_sv_f16_attn_kernelILj128ELj64ELj32ELj64ELj64EL8DataType1EL16QuantGranularity3ELS1_3E6__halfLb0ES2_L11ComputeUnit0EL8MaskMode0ELb0ELb0EEvPaS5_PS2_PT9_PfS9_S9_S8_jjjjjjjjjjjjjjjf
             0 bytes stack frame, 0 bytes spill stores, 0 bytes spill loads
         ptxas info    : Used 203 registers, used 1 barriers
         ptxas info    : Compile time = 165.767 ms
         ptxas info    : Compiling entry function '_Z25qk_int_sv_f16_attn_kernelILj128ELj64ELj32ELj64ELj64EL8DataType1EL16QuantGranularity3ELS1_3E6__halfLb0E13__nv_bfloat16L11ComputeUnit0EL8MaskMode0ELb1ELb0EEvPaS6_PS2_PT9_PfSA_SA_S9_jjjjjjjjjjjjjjjf' for 'sm_120a'
         ptxas info    : Function properties for _Z25qk_int_sv_f16_attn_kernelILj128ELj64ELj32ELj64ELj64EL8DataType1EL16QuantGranularity3ELS1_3E6__halfLb0E13__nv_bfloat16L11ComputeUnit0EL8MaskMode0ELb1ELb0EEvPaS6_PS2_PT9_PfSA_SA_S9_jjjjjjjjjjjjjjjf
             32 bytes stack frame, 0 bytes spill stores, 0 bytes spill loads
         ptxas info    : Used 197 registers, used 1 barriers, 32 bytes cumulative stack size
         ptxas info    : Compile time = 179.062 ms
         ptxas info    : Compiling entry function '_Z25qk_int_sv_f16_attn_kernelILj128ELj64ELj32ELj64ELj64EL8DataType1EL16QuantGranularity3ELS1_3E6__halfLb0ES2_L11ComputeUnit0EL8MaskMode0ELb1ELb0EEvPaS5_PS2_PT9_PfS9_S9_S8_jjjjjjjjjjjjjjjf' for 'sm_120a'
         ptxas info    : Function properties for _Z25qk_int_sv_f16_attn_kernelILj128ELj64ELj32ELj64ELj64EL8DataType1EL16QuantGranularity3ELS1_3E6__halfLb0ES2_L11ComputeUnit0EL8MaskMode0ELb1ELb0EEvPaS5_PS2_PT9_PfS9_S9_S8_jjjjjjjjjjjjjjjf
             32 bytes stack frame, 0 bytes spill stores, 0 bytes spill loads
         ptxas info    : Used 197 registers, used 1 barriers, 32 bytes cumulative stack size
         ptxas info    : Compile time = 168.134 ms
         ptxas info    : Compiling entry function '_Z25qk_int_sv_f16_attn_kernelILj128ELj64ELj32ELj64ELj64EL8DataType1EL16QuantGranularity2ELS1_2E6__halfLb0E13__nv_bfloat16L11ComputeUnit0EL8MaskMode0ELb0ELb0EEvPaS6_PS2_PT9_PfSA_SA_S9_jjjjjjjjjjjjjjjf' for 'sm_120a'
         ptxas info    : Function properties for _Z25qk_int_sv_f16_attn_kernelILj128ELj64ELj32ELj64ELj64EL8DataType1EL16QuantGranularity2ELS1_2E6__halfLb0E13__nv_bfloat16L11ComputeUnit0EL8MaskMode0ELb0ELb0EEvPaS6_PS2_PT9_PfSA_SA_S9_jjjjjjjjjjjjjjjf
             0 bytes stack frame, 0 bytes spill stores, 0 bytes spill loads
         ptxas info    : Used 168 registers, used 1 barriers
         ptxas info    : Compile time = 160.876 ms
         ptxas info    : Compiling entry function '_Z25qk_int_sv_f16_attn_kernelILj128ELj64ELj32ELj64ELj64EL8DataType1EL16QuantGranularity2ELS1_2E6__halfLb0ES2_L11ComputeUnit0EL8MaskMode0ELb0ELb0EEvPaS5_PS2_PT9_PfS9_S9_S8_jjjjjjjjjjjjjjjf' for 'sm_120a'
         ptxas info    : Function properties for _Z25qk_int_sv_f16_attn_kernelILj128ELj64ELj32ELj64ELj64EL8DataType1EL16QuantGranularity2ELS1_2E6__halfLb0ES2_L11ComputeUnit0EL8MaskMode0ELb0ELb0EEvPaS5_PS2_PT9_PfS9_S9_S8_jjjjjjjjjjjjjjjf
             0 bytes stack frame, 0 bytes spill stores, 0 bytes spill loads
         ptxas info    : Used 168 registers, used 1 barriers
         ptxas info    : Compile time = 155.968 ms
         ptxas info    : Compiling entry function '_Z25qk_int_sv_f16_attn_kernelILj128ELj64ELj32ELj64ELj64EL8DataType1EL16QuantGranularity2ELS1_2E6__halfLb0E13__nv_bfloat16L11ComputeUnit0EL8MaskMode0ELb1ELb0EEvPaS6_PS2_PT9_PfSA_SA_S9_jjjjjjjjjjjjjjjf' for 'sm_120a'
         ptxas info    : Function properties for _Z25qk_int_sv_f16_attn_kernelILj128ELj64ELj32ELj64ELj64EL8DataType1EL16QuantGranularity2ELS1_2E6__halfLb0E13__nv_bfloat16L11ComputeUnit0EL8MaskMode0ELb1ELb0EEvPaS6_PS2_PT9_PfSA_SA_S9_jjjjjjjjjjjjjjjf
             32 bytes stack frame, 0 bytes spill stores, 0 bytes spill loads
         ptxas info    : Used 177 registers, used 1 barriers, 32 bytes cumulative stack size
         ptxas info    : Compile time = 174.579 ms
         ptxas info    : Compiling entry function '_Z25qk_int_sv_f16_attn_kernelILj128ELj64ELj32ELj64ELj64EL8DataType1EL16QuantGranularity2ELS1_2E6__halfLb0ES2_L11ComputeUnit0EL8MaskMode0ELb1ELb0EEvPaS5_PS2_PT9_PfS9_S9_S8_jjjjjjjjjjjjjjjf' for 'sm_120a'
         ptxas info    : Function properties for _Z25qk_int_sv_f16_attn_kernelILj128ELj64ELj32ELj64ELj64EL8DataType1EL16QuantGranularity2ELS1_2E6__halfLb0ES2_L11ComputeUnit0EL8MaskMode0ELb1ELb0EEvPaS5_PS2_PT9_PfS9_S9_S8_jjjjjjjjjjjjjjjf
             32 bytes stack frame, 0 bytes spill stores, 0 bytes spill loads
         ptxas info    : Used 177 registers, used 1 barriers, 32 bytes cumulative stack size
         ptxas info    : Compile time = 171.115 ms
         ptxas info    : Compiling entry function '_Z25qk_int_sv_f16_attn_kernelILj128ELj64ELj32ELj64ELj64EL8DataType1EL16QuantGranularity3ELS1_3E6__halfLb0E13__nv_bfloat16L11ComputeUnit0EL8MaskMode1ELb0ELb0EEvPaS6_PS2_PT9_PfSA_SA_S9_jjjjjjjjjjjjjjjf' for 'sm_120a'
         ptxas info    : Function properties for _Z25qk_int_sv_f16_attn_kernelILj128ELj64ELj32ELj64ELj64EL8DataType1EL16QuantGranularity3ELS1_3E6__halfLb0E13__nv_bfloat16L11ComputeUnit0EL8MaskMode1ELb0ELb0EEvPaS6_PS2_PT9_PfSA_SA_S9_jjjjjjjjjjjjjjjf
             0 bytes stack frame, 0 bytes spill stores, 0 bytes spill loads
         ptxas info    : Used 184 registers, used 1 barriers
         ptxas info    : Compile time = 183.199 ms
         ptxas info    : Compiling entry function '_Z25qk_int_sv_f16_attn_kernelILj128ELj64ELj32ELj64ELj64EL8DataType1EL16QuantGranularity3ELS1_3E6__halfLb0ES2_L11ComputeUnit0EL8MaskMode1ELb0ELb0EEvPaS5_PS2_PT9_PfS9_S9_S8_jjjjjjjjjjjjjjjf' for 'sm_120a'
         ptxas info    : Function properties for _Z25qk_int_sv_f16_attn_kernelILj128ELj64ELj32ELj64ELj64EL8DataType1EL16QuantGranularity3ELS1_3E6__halfLb0ES2_L11ComputeUnit0EL8MaskMode1ELb0ELb0EEvPaS5_PS2_PT9_PfS9_S9_S8_jjjjjjjjjjjjjjjf
             0 bytes stack frame, 0 bytes spill stores, 0 bytes spill loads
         ptxas info    : Used 184 registers, used 1 barriers
         ptxas info    : Compile time = 181.984 ms
         ptxas info    : Compiling entry function '_Z25qk_int_sv_f16_attn_kernelILj128ELj64ELj32ELj64ELj64EL8DataType1EL16QuantGranularity3ELS1_3E6__halfLb0E13__nv_bfloat16L11ComputeUnit0EL8MaskMode1ELb1ELb0EEvPaS6_PS2_PT9_PfSA_SA_S9_jjjjjjjjjjjjjjjf' for 'sm_120a'
         ptxas info    : Function properties for _Z25qk_int_sv_f16_attn_kernelILj128ELj64ELj32ELj64ELj64EL8DataType1EL16QuantGranularity3ELS1_3E6__halfLb0E13__nv_bfloat16L11ComputeUnit0EL8MaskMode1ELb1ELb0EEvPaS6_PS2_PT9_PfSA_SA_S9_jjjjjjjjjjjjjjjf
             32 bytes stack frame, 0 bytes spill stores, 0 bytes spill loads
         ptxas info    : Used 184 registers, used 1 barriers, 32 bytes cumulative stack size
         ptxas info    : Compile time = 189.888 ms
         ptxas info    : Compiling entry function '_Z25qk_int_sv_f16_attn_kernelILj128ELj64ELj32ELj64ELj64EL8DataType1EL16QuantGranularity3ELS1_3E6__halfLb0ES2_L11ComputeUnit0EL8MaskMode1ELb1ELb0EEvPaS5_PS2_PT9_PfS9_S9_S8_jjjjjjjjjjjjjjjf' for 'sm_120a'
         ptxas info    : Function properties for _Z25qk_int_sv_f16_attn_kernelILj128ELj64ELj32ELj64ELj64EL8DataType1EL16QuantGranularity3ELS1_3E6__halfLb0ES2_L11ComputeUnit0EL8MaskMode1ELb1ELb0EEvPaS5_PS2_PT9_PfS9_S9_S8_jjjjjjjjjjjjjjjf
             32 bytes stack frame, 0 bytes spill stores, 0 bytes spill loads
         ptxas info    : Used 184 registers, used 1 barriers, 32 bytes cumulative stack size
         ptxas info    : Compile time = 183.906 ms
         ptxas info    : Compiling entry function '_Z25qk_int_sv_f16_attn_kernelILj128ELj64ELj32ELj64ELj64EL8DataType1EL16QuantGranularity2ELS1_2E6__halfLb0E13__nv_bfloat16L11ComputeUnit0EL8MaskMode1ELb0ELb0EEvPaS6_PS2_PT9_PfSA_SA_S9_jjjjjjjjjjjjjjjf' for 'sm_120a'
         ptxas info    : Function properties for _Z25qk_int_sv_f16_attn_kernelILj128ELj64ELj32ELj64ELj64EL8DataType1EL16QuantGranularity2ELS1_2E6__halfLb0E13__nv_bfloat16L11ComputeUnit0EL8MaskMode1ELb0ELb0EEvPaS6_PS2_PT9_PfSA_SA_S9_jjjjjjjjjjjjjjjf
             0 bytes stack frame, 0 bytes spill stores, 0 bytes spill loads
         ptxas info    : Used 191 registers, used 1 barriers
         ptxas info    : Compile time = 188.417 ms
         ptxas info    : Compiling entry function '_Z25qk_int_sv_f16_attn_kernelILj128ELj64ELj32ELj64ELj64EL8DataType1EL16QuantGranularity2ELS1_2E6__halfLb0ES2_L11ComputeUnit0EL8MaskMode1ELb0ELb0EEvPaS5_PS2_PT9_PfS9_S9_S8_jjjjjjjjjjjjjjjf' for 'sm_120a'
         ptxas info    : Function properties for _Z25qk_int_sv_f16_attn_kernelILj128ELj64ELj32ELj64ELj64EL8DataType1EL16QuantGranularity2ELS1_2E6__halfLb0ES2_L11ComputeUnit0EL8MaskMode1ELb0ELb0EEvPaS5_PS2_PT9_PfS9_S9_S8_jjjjjjjjjjjjjjjf
             0 bytes stack frame, 0 bytes spill stores, 0 bytes spill loads
         ptxas info    : Used 191 registers, used 1 barriers
         ptxas info    : Compile time = 180.350 ms
         ptxas info    : Compiling entry function '_Z25qk_int_sv_f16_attn_kernelILj128ELj64ELj32ELj64ELj64EL8DataType1EL16QuantGranularity2ELS1_2E6__halfLb0E13__nv_bfloat16L11ComputeUnit0EL8MaskMode1ELb1ELb0EEvPaS6_PS2_PT9_PfSA_SA_S9_jjjjjjjjjjjjjjjf' for 'sm_120a'
         ptxas info    : Function properties for _Z25qk_int_sv_f16_attn_kernelILj128ELj64ELj32ELj64ELj64EL8DataType1EL16QuantGranularity2ELS1_2E6__halfLb0E13__nv_bfloat16L11ComputeUnit0EL8MaskMode1ELb1ELb0EEvPaS6_PS2_PT9_PfSA_SA_S9_jjjjjjjjjjjjjjjf
             32 bytes stack frame, 0 bytes spill stores, 0 bytes spill loads
         ptxas info    : Used 183 registers, used 1 barriers, 32 bytes cumulative stack size
         ptxas info    : Compile time = 190.269 ms
         ptxas info    : Compiling entry function '_Z25qk_int_sv_f16_attn_kernelILj128ELj64ELj32ELj64ELj64EL8DataType1EL16QuantGranularity2ELS1_2E6__halfLb0ES2_L11ComputeUnit0EL8MaskMode1ELb1ELb0EEvPaS5_PS2_PT9_PfS9_S9_S8_jjjjjjjjjjjjjjjf' for 'sm_120a'
         ptxas info    : Function properties for _Z25qk_int_sv_f16_attn_kernelILj128ELj64ELj32ELj64ELj64EL8DataType1EL16QuantGranularity2ELS1_2E6__halfLb0ES2_L11ComputeUnit0EL8MaskMode1ELb1ELb0EEvPaS5_PS2_PT9_PfS9_S9_S8_jjjjjjjjjjjjjjjf
             32 bytes stack frame, 0 bytes spill stores, 0 bytes spill loads
         ptxas info    : Used 183 registers, used 1 barriers, 32 bytes cumulative stack size
         ptxas info    : Compile time = 187.247 ms
         ptxas info    : Compiling entry function '_Z25qk_int_sv_f16_attn_kernelILj128ELj64ELj32ELj64ELj128EL8DataType1EL16QuantGranularity3ELS1_3EfLb0E13__nv_bfloat16L11ComputeUnit0EL8MaskMode0ELb0ELb0EEvPaS5_P6__halfPT9_PfSA_SA_S9_jjjjjjjjjjjjjjjf' for 'sm_120a'
         ptxas info    : Function properties for _Z25qk_int_sv_f16_attn_kernelILj128ELj64ELj32ELj64ELj128EL8DataType1EL16QuantGranularity3ELS1_3EfLb0E13__nv_bfloat16L11ComputeUnit0EL8MaskMode0ELb0ELb0EEvPaS5_P6__halfPT9_PfSA_SA_S9_jjjjjjjjjjjjjjjf
             32 bytes stack frame, 28 bytes spill stores, 28 bytes spill loads
         ptxas info    : Used 255 registers, used 1 barriers, 32 bytes cumulative stack size
         ptxas info    : Compile time = 327.911 ms
         ptxas info    : Compiling entry function '_Z25qk_int_sv_f16_attn_kernelILj128ELj64ELj32ELj64ELj128EL8DataType1EL16QuantGranularity3ELS1_3EfLb0E6__halfL11ComputeUnit0EL8MaskMode0ELb0ELb0EEvPaS5_PS2_PT9_PfS9_S9_S8_jjjjjjjjjjjjjjjf' for 'sm_120a'
         ptxas info    : Function properties for _Z25qk_int_sv_f16_attn_kernelILj128ELj64ELj32ELj64ELj128EL8DataType1EL16QuantGranularity3ELS1_3EfLb0E6__halfL11ComputeUnit0EL8MaskMode0ELb0ELb0EEvPaS5_PS2_PT9_PfS9_S9_S8_jjjjjjjjjjjjjjjf
             32 bytes stack frame, 28 bytes spill stores, 28 bytes spill loads
         ptxas info    : Used 255 registers, used 1 barriers, 32 bytes cumulative stack size
         ptxas info    : Compile time = 324.798 ms
         ptxas info    : Compiling entry function '_Z25qk_int_sv_f16_attn_kernelILj128ELj64ELj32ELj64ELj128EL8DataType1EL16QuantGranularity3ELS1_3EfLb0E13__nv_bfloat16L11ComputeUnit0EL8MaskMode0ELb1ELb0EEvPaS5_P6__halfPT9_PfSA_SA_S9_jjjjjjjjjjjjjjjf' for 'sm_120a'
         ptxas info    : Function properties for _Z25qk_int_sv_f16_attn_kernelILj128ELj64ELj32ELj64ELj128EL8DataType1EL16QuantGranularity3ELS1_3EfLb0E13__nv_bfloat16L11ComputeUnit0EL8MaskMode0ELb1ELb0EEvPaS5_P6__halfPT9_PfSA_SA_S9_jjjjjjjjjjjjjjjf
             48 bytes stack frame, 4 bytes spill stores, 8 bytes spill loads
         ptxas info    : Used 255 registers, used 1 barriers, 48 bytes cumulative stack size
         ptxas info    : Compile time = 405.559 ms
         ptxas info    : Compiling entry function '_Z25qk_int_sv_f16_attn_kernelILj128ELj64ELj32ELj64ELj128EL8DataType1EL16QuantGranularity3ELS1_3EfLb0E6__halfL11ComputeUnit0EL8MaskMode0ELb1ELb0EEvPaS5_PS2_PT9_PfS9_S9_S8_jjjjjjjjjjjjjjjf' for 'sm_120a'
         ptxas info    : Function properties for _Z25qk_int_sv_f16_attn_kernelILj128ELj64ELj32ELj64ELj128EL8DataType1EL16QuantGranularity3ELS1_3EfLb0E6__halfL11ComputeUnit0EL8MaskMode0ELb1ELb0EEvPaS5_PS2_PT9_PfS9_S9_S8_jjjjjjjjjjjjjjjf
             48 bytes stack frame, 4 bytes spill stores, 8 bytes spill loads
         ptxas info    : Used 255 registers, used 1 barriers, 48 bytes cumulative stack size
         ptxas info    : Compile time = 403.889 ms
         ptxas info    : Compiling entry function '_Z25qk_int_sv_f16_attn_kernelILj128ELj64ELj32ELj64ELj128EL8DataType1EL16QuantGranularity2ELS1_2EfLb0E13__nv_bfloat16L11ComputeUnit0EL8MaskMode0ELb0ELb0EEvPaS5_P6__halfPT9_PfSA_SA_S9_jjjjjjjjjjjjjjjf' for 'sm_120a'
         ptxas info    : Function properties for _Z25qk_int_sv_f16_attn_kernelILj128ELj64ELj32ELj64ELj128EL8DataType1EL16QuantGranularity2ELS1_2EfLb0E13__nv_bfloat16L11ComputeUnit0EL8MaskMode0ELb0ELb0EEvPaS5_P6__halfPT9_PfSA_SA_S9_jjjjjjjjjjjjjjjf
             8 bytes stack frame, 8 bytes spill stores, 8 bytes spill loads
         ptxas info    : Used 255 registers, used 1 barriers, 8 bytes cumulative stack size
         ptxas info    : Compile time = 322.430 ms
         ptxas info    : Compiling entry function '_Z25qk_int_sv_f16_attn_kernelILj128ELj64ELj32ELj64ELj128EL8DataType1EL16QuantGranularity2ELS1_2EfLb0E6__halfL11ComputeUnit0EL8MaskMode0ELb0ELb0EEvPaS5_PS2_PT9_PfS9_S9_S8_jjjjjjjjjjjjjjjf' for 'sm_120a'
         ptxas info    : Function properties for _Z25qk_int_sv_f16_attn_kernelILj128ELj64ELj32ELj64ELj128EL8DataType1EL16QuantGranularity2ELS1_2EfLb0E6__halfL11ComputeUnit0EL8MaskMode0ELb0ELb0EEvPaS5_PS2_PT9_PfS9_S9_S8_jjjjjjjjjjjjjjjf
             8 bytes stack frame, 8 bytes spill stores, 8 bytes spill loads
         ptxas info    : Used 255 registers, used 1 barriers, 8 bytes cumulative stack size
         ptxas info    : Compile time = 329.008 ms
         ptxas info    : Compiling entry function '_Z25qk_int_sv_f16_attn_kernelILj128ELj64ELj32ELj64ELj128EL8DataType1EL16QuantGranularity2ELS1_2EfLb0E13__nv_bfloat16L11ComputeUnit0EL8MaskMode0ELb1ELb0EEvPaS5_P6__halfPT9_PfSA_SA_S9_jjjjjjjjjjjjjjjf' for 'sm_120a'
         ptxas info    : Function properties for _Z25qk_int_sv_f16_attn_kernelILj128ELj64ELj32ELj64ELj128EL8DataType1EL16QuantGranularity2ELS1_2EfLb0E13__nv_bfloat16L11ComputeUnit0EL8MaskMode0ELb1ELb0EEvPaS5_P6__halfPT9_PfSA_SA_S9_jjjjjjjjjjjjjjjf
             48 bytes stack frame, 4 bytes spill stores, 8 bytes spill loads
         ptxas info    : Used 255 registers, used 1 barriers, 48 bytes cumulative stack size
         ptxas info    : Compile time = 411.690 ms
         ptxas info    : Compiling entry function '_Z25qk_int_sv_f16_attn_kernelILj128ELj64ELj32ELj64ELj128EL8DataType1EL16QuantGranularity2ELS1_2EfLb0E6__halfL11ComputeUnit0EL8MaskMode0ELb1ELb0EEvPaS5_PS2_PT9_PfS9_S9_S8_jjjjjjjjjjjjjjjf' for 'sm_120a'
         ptxas info    : Function properties for _Z25qk_int_sv_f16_attn_kernelILj128ELj64ELj32ELj64ELj128EL8DataType1EL16QuantGranularity2ELS1_2EfLb0E6__halfL11ComputeUnit0EL8MaskMode0ELb1ELb0EEvPaS5_PS2_PT9_PfS9_S9_S8_jjjjjjjjjjjjjjjf
             48 bytes stack frame, 4 bytes spill stores, 8 bytes spill loads
         ptxas info    : Used 255 registers, used 1 barriers, 48 bytes cumulative stack size
         ptxas info    : Compile time = 419.213 ms
         ptxas info    : Compiling entry function '_Z25qk_int_sv_f16_attn_kernelILj128ELj64ELj32ELj64ELj128EL8DataType1EL16QuantGranularity3ELS1_3EfLb0E13__nv_bfloat16L11ComputeUnit0EL8MaskMode1ELb0ELb0EEvPaS5_P6__halfPT9_PfSA_SA_S9_jjjjjjjjjjjjjjjf' for 'sm_120a'
         ptxas info    : Function properties for _Z25qk_int_sv_f16_attn_kernelILj128ELj64ELj32ELj64ELj128EL8DataType1EL16QuantGranularity3ELS1_3EfLb0E13__nv_bfloat16L11ComputeUnit0EL8MaskMode1ELb0ELb0EEvPaS5_P6__halfPT9_PfSA_SA_S9_jjjjjjjjjjjjjjjf
             16 bytes stack frame, 16 bytes spill stores, 20 bytes spill loads
         ptxas info    : Used 255 registers, used 1 barriers, 16 bytes cumulative stack size
         ptxas info    : Compile time = 342.177 ms
         ptxas info    : Compiling entry function '_Z25qk_int_sv_f16_attn_kernelILj128ELj64ELj32ELj64ELj128EL8DataType1EL16QuantGranularity3ELS1_3EfLb0E6__halfL11ComputeUnit0EL8MaskMode1ELb0ELb0EEvPaS5_PS2_PT9_PfS9_S9_S8_jjjjjjjjjjjjjjjf' for 'sm_120a'
         ptxas info    : Function properties for _Z25qk_int_sv_f16_attn_kernelILj128ELj64ELj32ELj64ELj128EL8DataType1EL16QuantGranularity3ELS1_3EfLb0E6__halfL11ComputeUnit0EL8MaskMode1ELb0ELb0EEvPaS5_PS2_PT9_PfS9_S9_S8_jjjjjjjjjjjjjjjf
             16 bytes stack frame, 16 bytes spill stores, 20 bytes spill loads
         ptxas info    : Used 255 registers, used 1 barriers, 16 bytes cumulative stack size
         ptxas info    : Compile time = 340.869 ms
         ptxas info    : Compiling entry function '_Z25qk_int_sv_f16_attn_kernelILj128ELj64ELj32ELj64ELj128EL8DataType1EL16QuantGranularity3ELS1_3EfLb0E13__nv_bfloat16L11ComputeUnit0EL8MaskMode1ELb1ELb0EEvPaS5_P6__halfPT9_PfSA_SA_S9_jjjjjjjjjjjjjjjf' for 'sm_120a'
         ptxas info    : Function properties for _Z25qk_int_sv_f16_attn_kernelILj128ELj64ELj32ELj64ELj128EL8DataType1EL16QuantGranularity3ELS1_3EfLb0E13__nv_bfloat16L11ComputeUnit0EL8MaskMode1ELb1ELb0EEvPaS5_P6__halfPT9_PfSA_SA_S9_jjjjjjjjjjjjjjjf
             48 bytes stack frame, 8 bytes spill stores, 16 bytes spill loads
         ptxas info    : Used 255 registers, used 1 barriers, 48 bytes cumulative stack size
         ptxas info    : Compile time = 433.678 ms
         ptxas info    : Compiling entry function '_Z25qk_int_sv_f16_attn_kernelILj128ELj64ELj32ELj64ELj128EL8DataType1EL16QuantGranularity3ELS1_3EfLb0E6__halfL11ComputeUnit0EL8MaskMode1ELb1ELb0EEvPaS5_PS2_PT9_PfS9_S9_S8_jjjjjjjjjjjjjjjf' for 'sm_120a'
         ptxas info    : Function properties for _Z25qk_int_sv_f16_attn_kernelILj128ELj64ELj32ELj64ELj128EL8DataType1EL16QuantGranularity3ELS1_3EfLb0E6__halfL11ComputeUnit0EL8MaskMode1ELb1ELb0EEvPaS5_PS2_PT9_PfS9_S9_S8_jjjjjjjjjjjjjjjf
             48 bytes stack frame, 8 bytes spill stores, 16 bytes spill loads
         ptxas info    : Used 255 registers, used 1 barriers, 48 bytes cumulative stack size
         ptxas info    : Compile time = 434.849 ms
         ptxas info    : Compiling entry function '_Z25qk_int_sv_f16_attn_kernelILj128ELj64ELj32ELj64ELj128EL8DataType1EL16QuantGranularity2ELS1_2EfLb0E13__nv_bfloat16L11ComputeUnit0EL8MaskMode1ELb0ELb0EEvPaS5_P6__halfPT9_PfSA_SA_S9_jjjjjjjjjjjjjjjf' for 'sm_120a'
         ptxas info    : Function properties for _Z25qk_int_sv_f16_attn_kernelILj128ELj64ELj32ELj64ELj128EL8DataType1EL16QuantGranularity2ELS1_2EfLb0E13__nv_bfloat16L11ComputeUnit0EL8MaskMode1ELb0ELb0EEvPaS5_P6__halfPT9_PfSA_SA_S9_jjjjjjjjjjjjjjjf
             8 bytes stack frame, 4 bytes spill stores, 8 bytes spill loads
         ptxas info    : Used 255 registers, used 1 barriers, 8 bytes cumulative stack size
         ptxas info    : Compile time = 422.732 ms
         ptxas info    : Compiling entry function '_Z25qk_int_sv_f16_attn_kernelILj128ELj64ELj32ELj64ELj128EL8DataType1EL16QuantGranularity2ELS1_2EfLb0E6__halfL11ComputeUnit0EL8MaskMode1ELb0ELb0EEvPaS5_PS2_PT9_PfS9_S9_S8_jjjjjjjjjjjjjjjf' for 'sm_120a'
         ptxas info    : Function properties for _Z25qk_int_sv_f16_attn_kernelILj128ELj64ELj32ELj64ELj128EL8DataType1EL16QuantGranularity2ELS1_2EfLb0E6__halfL11ComputeUnit0EL8MaskMode1ELb0ELb0EEvPaS5_PS2_PT9_PfS9_S9_S8_jjjjjjjjjjjjjjjf
             8 bytes stack frame, 4 bytes spill stores, 8 bytes spill loads
         ptxas info    : Used 255 registers, used 1 barriers, 8 bytes cumulative stack size
         ptxas info    : Compile time = 423.558 ms
         ptxas info    : Compiling entry function '_Z25qk_int_sv_f16_attn_kernelILj128ELj64ELj32ELj64ELj128EL8DataType1EL16QuantGranularity2ELS1_2EfLb0E13__nv_bfloat16L11ComputeUnit0EL8MaskMode1ELb1ELb0EEvPaS5_P6__halfPT9_PfSA_SA_S9_jjjjjjjjjjjjjjjf' for 'sm_120a'
         ptxas info    : Function properties for _Z25qk_int_sv_f16_attn_kernelILj128ELj64ELj32ELj64ELj128EL8DataType1EL16QuantGranularity2ELS1_2EfLb0E13__nv_bfloat16L11ComputeUnit0EL8MaskMode1ELb1ELb0EEvPaS5_P6__halfPT9_PfSA_SA_S9_jjjjjjjjjjjjjjjf
             48 bytes stack frame, 4 bytes spill stores, 8 bytes spill loads
         ptxas info    : Used 255 registers, used 1 barriers, 48 bytes cumulative stack size
         ptxas info    : Compile time = 428.531 ms
         ptxas info    : Compiling entry function '_Z25qk_int_sv_f16_attn_kernelILj128ELj64ELj32ELj64ELj128EL8DataType1EL16QuantGranularity2ELS1_2EfLb0E6__halfL11ComputeUnit0EL8MaskMode1ELb1ELb0EEvPaS5_PS2_PT9_PfS9_S9_S8_jjjjjjjjjjjjjjjf' for 'sm_120a'
         ptxas info    : Function properties for _Z25qk_int_sv_f16_attn_kernelILj128ELj64ELj32ELj64ELj128EL8DataType1EL16QuantGranularity2ELS1_2EfLb0E6__halfL11ComputeUnit0EL8MaskMode1ELb1ELb0EEvPaS5_PS2_PT9_PfS9_S9_S8_jjjjjjjjjjjjjjjf
             48 bytes stack frame, 4 bytes spill stores, 8 bytes spill loads
         ptxas info    : Used 255 registers, used 1 barriers, 48 bytes cumulative stack size
         ptxas info    : Compile time = 426.337 ms
         ptxas info    : Compiling entry function '_Z25qk_int_sv_f16_attn_kernelILj128ELj64ELj32ELj64ELj64EL8DataType1EL16QuantGranularity3ELS1_3EfLb0E13__nv_bfloat16L11ComputeUnit0EL8MaskMode0ELb0ELb0EEvPaS5_P6__halfPT9_PfSA_SA_S9_jjjjjjjjjjjjjjjf' for 'sm_120a'
         ptxas info    : Function properties for _Z25qk_int_sv_f16_attn_kernelILj128ELj64ELj32ELj64ELj64EL8DataType1EL16QuantGranularity3ELS1_3EfLb0E13__nv_bfloat16L11ComputeUnit0EL8MaskMode0ELb0ELb0EEvPaS5_P6__halfPT9_PfSA_SA_S9_jjjjjjjjjjjjjjjf
             0 bytes stack frame, 0 bytes spill stores, 0 bytes spill loads
         ptxas info    : Used 212 registers, used 1 barriers
         ptxas info    : Compile time = 173.511 ms
         ptxas info    : Compiling entry function '_Z25qk_int_sv_f16_attn_kernelILj128ELj64ELj32ELj64ELj64EL8DataType1EL16QuantGranularity3ELS1_3EfLb0E6__halfL11ComputeUnit0EL8MaskMode0ELb0ELb0EEvPaS5_PS2_PT9_PfS9_S9_S8_jjjjjjjjjjjjjjjf' for 'sm_120a'
         ptxas info    : Function properties for _Z25qk_int_sv_f16_attn_kernelILj128ELj64ELj32ELj64ELj64EL8DataType1EL16QuantGranularity3ELS1_3EfLb0E6__halfL11ComputeUnit0EL8MaskMode0ELb0ELb0EEvPaS5_PS2_PT9_PfS9_S9_S8_jjjjjjjjjjjjjjjf
             0 bytes stack frame, 0 bytes spill stores, 0 bytes spill loads
         ptxas info    : Used 212 registers, used 1 barriers
         ptxas info    : Compile time = 178.743 ms
         ptxas info    : Compiling entry function '_Z25qk_int_sv_f16_attn_kernelILj128ELj64ELj32ELj64ELj64EL8DataType1EL16QuantGranularity3ELS1_3EfLb0E13__nv_bfloat16L11ComputeUnit0EL8MaskMode0ELb1ELb0EEvPaS5_P6__halfPT9_PfSA_SA_S9_jjjjjjjjjjjjjjjf' for 'sm_120a'
         ptxas info    : Function properties for _Z25qk_int_sv_f16_attn_kernelILj128ELj64ELj32ELj64ELj64EL8DataType1EL16QuantGranularity3ELS1_3EfLb0E13__nv_bfloat16L11ComputeUnit0EL8MaskMode0ELb1ELb0EEvPaS5_P6__halfPT9_PfSA_SA_S9_jjjjjjjjjjjjjjjf
             32 bytes stack frame, 0 bytes spill stores, 0 bytes spill loads
         ptxas info    : Used 238 registers, used 1 barriers, 32 bytes cumulative stack size
         ptxas info    : Compile time = 177.701 ms
         ptxas info    : Compiling entry function '_Z25qk_int_sv_f16_attn_kernelILj128ELj64ELj32ELj64ELj64EL8DataType1EL16QuantGranularity3ELS1_3EfLb0E6__halfL11ComputeUnit0EL8MaskMode0ELb1ELb0EEvPaS5_PS2_PT9_PfS9_S9_S8_jjjjjjjjjjjjjjjf' for 'sm_120a'
         ptxas info    : Function properties for _Z25qk_int_sv_f16_attn_kernelILj128ELj64ELj32ELj64ELj64EL8DataType1EL16QuantGranularity3ELS1_3EfLb0E6__halfL11ComputeUnit0EL8MaskMode0ELb1ELb0EEvPaS5_PS2_PT9_PfS9_S9_S8_jjjjjjjjjjjjjjjf
             32 bytes stack frame, 0 bytes spill stores, 0 bytes spill loads
         ptxas info    : Used 238 registers, used 1 barriers, 32 bytes cumulative stack size
         ptxas info    : Compile time = 176.334 ms
         ptxas info    : Compiling entry function '_Z25qk_int_sv_f16_attn_kernelILj128ELj64ELj32ELj64ELj64EL8DataType1EL16QuantGranularity2ELS1_2EfLb0E13__nv_bfloat16L11ComputeUnit0EL8MaskMode0ELb0ELb0EEvPaS5_P6__halfPT9_PfSA_SA_S9_jjjjjjjjjjjjjjjf' for 'sm_120a'
         ptxas info    : Function properties for _Z25qk_int_sv_f16_attn_kernelILj128ELj64ELj32ELj64ELj64EL8DataType1EL16QuantGranularity2ELS1_2EfLb0E13__nv_bfloat16L11ComputeUnit0EL8MaskMode0ELb0ELb0EEvPaS5_P6__halfPT9_PfSA_SA_S9_jjjjjjjjjjjjjjjf
             0 bytes stack frame, 0 bytes spill stores, 0 bytes spill loads
         ptxas info    : Used 212 registers, used 1 barriers
         ptxas info    : Compile time = 175.210 ms
         ptxas info    : Compiling entry function '_Z25qk_int_sv_f16_attn_kernelILj128ELj64ELj32ELj64ELj64EL8DataType1EL16QuantGranularity2ELS1_2EfLb0E6__halfL11ComputeUnit0EL8MaskMode0ELb0ELb0EEvPaS5_PS2_PT9_PfS9_S9_S8_jjjjjjjjjjjjjjjf' for 'sm_120a'
         ptxas info    : Function properties for _Z25qk_int_sv_f16_attn_kernelILj128ELj64ELj32ELj64ELj64EL8DataType1EL16QuantGranularity2ELS1_2EfLb0E6__halfL11ComputeUnit0EL8MaskMode0ELb0ELb0EEvPaS5_PS2_PT9_PfS9_S9_S8_jjjjjjjjjjjjjjjf
             0 bytes stack frame, 0 bytes spill stores, 0 bytes spill loads
         ptxas info    : Used 212 registers, used 1 barriers
         ptxas info    : Compile time = 173.057 ms
         ptxas info    : Compiling entry function '_Z25qk_int_sv_f16_attn_kernelILj128ELj64ELj32ELj64ELj64EL8DataType1EL16QuantGranularity2ELS1_2EfLb0E13__nv_bfloat16L11ComputeUnit0EL8MaskMode0ELb1ELb0EEvPaS5_P6__halfPT9_PfSA_SA_S9_jjjjjjjjjjjjjjjf' for 'sm_120a'
         ptxas info    : Function properties for _Z25qk_int_sv_f16_attn_kernelILj128ELj64ELj32ELj64ELj64EL8DataType1EL16QuantGranularity2ELS1_2EfLb0E13__nv_bfloat16L11ComputeUnit0EL8MaskMode0ELb1ELb0EEvPaS5_P6__halfPT9_PfSA_SA_S9_jjjjjjjjjjjjjjjf
             32 bytes stack frame, 0 bytes spill stores, 0 bytes spill loads
         ptxas info    : Used 238 registers, used 1 barriers, 32 bytes cumulative stack size
         ptxas info    : Compile time = 172.266 ms
         ptxas info    : Compiling entry function '_Z25qk_int_sv_f16_attn_kernelILj128ELj64ELj32ELj64ELj64EL8DataType1EL16QuantGranularity2ELS1_2EfLb0E6__halfL11ComputeUnit0EL8MaskMode0ELb1ELb0EEvPaS5_PS2_PT9_PfS9_S9_S8_jjjjjjjjjjjjjjjf' for 'sm_120a'
         ptxas info    : Function properties for _Z25qk_int_sv_f16_attn_kernelILj128ELj64ELj32ELj64ELj64EL8DataType1EL16QuantGranularity2ELS1_2EfLb0E6__halfL11ComputeUnit0EL8MaskMode0ELb1ELb0EEvPaS5_PS2_PT9_PfS9_S9_S8_jjjjjjjjjjjjjjjf
             32 bytes stack frame, 0 bytes spill stores, 0 bytes spill loads
         ptxas info    : Used 238 registers, used 1 barriers, 32 bytes cumulative stack size
         ptxas info    : Compile time = 173.319 ms
         ptxas info    : Compiling entry function '_Z25qk_int_sv_f16_attn_kernelILj128ELj64ELj32ELj64ELj64EL8DataType1EL16QuantGranularity3ELS1_3EfLb0E13__nv_bfloat16L11ComputeUnit0EL8MaskMode1ELb0ELb0EEvPaS5_P6__halfPT9_PfSA_SA_S9_jjjjjjjjjjjjjjjf' for 'sm_120a'
         ptxas info    : Function properties for _Z25qk_int_sv_f16_attn_kernelILj128ELj64ELj32ELj64ELj64EL8DataType1EL16QuantGranularity3ELS1_3EfLb0E13__nv_bfloat16L11ComputeUnit0EL8MaskMode1ELb0ELb0EEvPaS5_P6__halfPT9_PfSA_SA_S9_jjjjjjjjjjjjjjjf
             0 bytes stack frame, 0 bytes spill stores, 0 bytes spill loads
         ptxas info    : Used 239 registers, used 1 barriers
         ptxas info    : Compile time = 218.459 ms
         ptxas info    : Compiling entry function '_Z25qk_int_sv_f16_attn_kernelILj128ELj64ELj32ELj64ELj64EL8DataType1EL16QuantGranularity3ELS1_3EfLb0E6__halfL11ComputeUnit0EL8MaskMode1ELb0ELb0EEvPaS5_PS2_PT9_PfS9_S9_S8_jjjjjjjjjjjjjjjf' for 'sm_120a'
         ptxas info    : Function properties for _Z25qk_int_sv_f16_attn_kernelILj128ELj64ELj32ELj64ELj64EL8DataType1EL16QuantGranularity3ELS1_3EfLb0E6__halfL11ComputeUnit0EL8MaskMode1ELb0ELb0EEvPaS5_PS2_PT9_PfS9_S9_S8_jjjjjjjjjjjjjjjf
             0 bytes stack frame, 0 bytes spill stores, 0 bytes spill loads
         ptxas info    : Used 239 registers, used 1 barriers
         ptxas info    : Compile time = 187.620 ms
         ptxas info    : Compiling entry function '_Z25qk_int_sv_f16_attn_kernelILj128ELj64ELj32ELj64ELj64EL8DataType1EL16QuantGranularity3ELS1_3EfLb0E13__nv_bfloat16L11ComputeUnit0EL8MaskMode1ELb1ELb0EEvPaS5_P6__halfPT9_PfSA_SA_S9_jjjjjjjjjjjjjjjf' for 'sm_120a'
         ptxas info    : Function properties for _Z25qk_int_sv_f16_attn_kernelILj128ELj64ELj32ELj64ELj64EL8DataType1EL16QuantGranularity3ELS1_3EfLb0E13__nv_bfloat16L11ComputeUnit0EL8MaskMode1ELb1ELb0EEvPaS5_P6__halfPT9_PfSA_SA_S9_jjjjjjjjjjjjjjjf
             32 bytes stack frame, 0 bytes spill stores, 0 bytes spill loads
         ptxas info    : Used 240 registers, used 1 barriers, 32 bytes cumulative stack size
         ptxas info    : Compile time = 188.217 ms
         ptxas info    : Compiling entry function '_Z25qk_int_sv_f16_attn_kernelILj128ELj64ELj32ELj64ELj64EL8DataType1EL16QuantGranularity3ELS1_3EfLb0E6__halfL11ComputeUnit0EL8MaskMode1ELb1ELb0EEvPaS5_PS2_PT9_PfS9_S9_S8_jjjjjjjjjjjjjjjf' for 'sm_120a'
         ptxas info    : Function properties for _Z25qk_int_sv_f16_attn_kernelILj128ELj64ELj32ELj64ELj64EL8DataType1EL16QuantGranularity3ELS1_3EfLb0E6__halfL11ComputeUnit0EL8MaskMode1ELb1ELb0EEvPaS5_PS2_PT9_PfS9_S9_S8_jjjjjjjjjjjjjjjf
             32 bytes stack frame, 0 bytes spill stores, 0 bytes spill loads
         ptxas info    : Used 240 registers, used 1 barriers, 32 bytes cumulative stack size
         ptxas info    : Compile time = 187.366 ms
         ptxas info    : Compiling entry function '_Z25qk_int_sv_f16_attn_kernelILj128ELj64ELj32ELj64ELj64EL8DataType1EL16QuantGranularity2ELS1_2EfLb0E13__nv_bfloat16L11ComputeUnit0EL8MaskMode1ELb0ELb0EEvPaS5_P6__halfPT9_PfSA_SA_S9_jjjjjjjjjjjjjjjf' for 'sm_120a'
         ptxas info    : Function properties for _Z25qk_int_sv_f16_attn_kernelILj128ELj64ELj32ELj64ELj64EL8DataType1EL16QuantGranularity2ELS1_2EfLb0E13__nv_bfloat16L11ComputeUnit0EL8MaskMode1ELb0ELb0EEvPaS5_P6__halfPT9_PfSA_SA_S9_jjjjjjjjjjjjjjjf
             0 bytes stack frame, 0 bytes spill stores, 0 bytes spill loads
         ptxas info    : Used 239 registers, used 1 barriers
         ptxas info    : Compile time = 188.005 ms
         ptxas info    : Compiling entry function '_Z25qk_int_sv_f16_attn_kernelILj128ELj64ELj32ELj64ELj64EL8DataType1EL16QuantGranularity2ELS1_2EfLb0E6__halfL11ComputeUnit0EL8MaskMode1ELb0ELb0EEvPaS5_PS2_PT9_PfS9_S9_S8_jjjjjjjjjjjjjjjf' for 'sm_120a'
         ptxas info    : Function properties for _Z25qk_int_sv_f16_attn_kernelILj128ELj64ELj32ELj64ELj64EL8DataType1EL16QuantGranularity2ELS1_2EfLb0E6__halfL11ComputeUnit0EL8MaskMode1ELb0ELb0EEvPaS5_PS2_PT9_PfS9_S9_S8_jjjjjjjjjjjjjjjf
             0 bytes stack frame, 0 bytes spill stores, 0 bytes spill loads
         ptxas info    : Used 239 registers, used 1 barriers
         ptxas info    : Compile time = 189.072 ms
         ptxas info    : Compiling entry function '_Z25qk_int_sv_f16_attn_kernelILj128ELj64ELj32ELj64ELj64EL8DataType1EL16QuantGranularity2ELS1_2EfLb0E13__nv_bfloat16L11ComputeUnit0EL8MaskMode1ELb1ELb0EEvPaS5_P6__halfPT9_PfSA_SA_S9_jjjjjjjjjjjjjjjf' for 'sm_120a'
         ptxas info    : Function properties for _Z25qk_int_sv_f16_attn_kernelILj128ELj64ELj32ELj64ELj64EL8DataType1EL16QuantGranularity2ELS1_2EfLb0E13__nv_bfloat16L11ComputeUnit0EL8MaskMode1ELb1ELb0EEvPaS5_P6__halfPT9_PfSA_SA_S9_jjjjjjjjjjjjjjjf
             32 bytes stack frame, 0 bytes spill stores, 0 bytes spill loads
         ptxas info    : Used 240 registers, used 1 barriers, 32 bytes cumulative stack size
         ptxas info    : Compile time = 190.358 ms
         ptxas info    : Compiling entry function '_Z25qk_int_sv_f16_attn_kernelILj128ELj64ELj32ELj64ELj64EL8DataType1EL16QuantGranularity2ELS1_2EfLb0E6__halfL11ComputeUnit0EL8MaskMode1ELb1ELb0EEvPaS5_PS2_PT9_PfS9_S9_S8_jjjjjjjjjjjjjjjf' for 'sm_120a'
         ptxas info    : Function properties for _Z25qk_int_sv_f16_attn_kernelILj128ELj64ELj32ELj64ELj64EL8DataType1EL16QuantGranularity2ELS1_2EfLb0E6__halfL11ComputeUnit0EL8MaskMode1ELb1ELb0EEvPaS5_PS2_PT9_PfS9_S9_S8_jjjjjjjjjjjjjjjf
             32 bytes stack frame, 0 bytes spill stores, 0 bytes spill loads
         ptxas info    : Used 240 registers, used 1 barriers, 32 bytes cumulative stack size
         ptxas info    : Compile time = 186.833 ms
         c++ -pthread -fno-strict-overflow -Wsign-compare -Wunreachable-code -DNDEBUG -g -O3 -Wall -O3 -fstack-protector -fstack-clash-protection -U_FORTIFY_SOURCE -D_FORTIFY_SOURCE=2 -fno-omit-frame-pointer -mno-omit-leaf-frame-pointer -fPIC -shared -Wl,-z,noexecstack -Wl,-z,relro -Wl,-z,now -Wl,--build-id=sha1 -Wl,--exclude-libs,ALL /tmp/qwen-sageattention-20261005/build/temp.linux-x86_64-cpython-312/sageattention._qattn_sm80/csrc/qattn/pybind_sm80.o /tmp/qwen-sageattention-20261005/build/temp.linux-x86_64-cpython-312/sageattention._qattn_sm80/csrc/qattn/qk_int_sv_f16_cuda_sm80.o -L/opt/venv/lib/python3.12/site-packages/torch/lib -L/usr/local/cuda-13.0/lib64 -L/root/.local/share/uv/python/cpython-3.12.15-linux-x86_64-gnu/lib -lc10 -ltorch -ltorch_cpu -ltorch_python -lcudart -lc10_cuda -ltorch_cuda -o build/lib.linux-x86_64-cpython-312/sageattention/_qattn_sm80.cpython-312-x86_64-linux-gnu.so
         building 'sageattention._fused' extension
         creating /tmp/qwen-sageattention-20261005/build/temp.linux-x86_64-cpython-312/sageattention._fused/csrc/fused
         [1/2] /usr/local/cuda-13.0/bin/nvcc -MD -MF /tmp/qwen-sageattention-20261005/build/temp.linux-x86_64-cpython-312/sageattention._fused/csrc/fused/fused.o.d -I/opt/venv/lib/python3.12/site-packages/torch/include -I/opt/venv/lib/python3.12/site-packages/torch/include/torch/csrc/api/include -I/usr/local/cuda-13.0/include -I/opt/venv/include -I/root/.local/share/uv/python/cpython-3.12.15-linux-x86_64-gnu/include/python3.12 -c -c /tmp/qwen-sageattention-20261005/csrc/fused/fused.cu -o /tmp/qwen-sageattention-20261005/build/temp.linux-x86_64-cpython-312/sageattention._fused/csrc/fused/fused.o -D__CUDA_NO_HALF_OPERATORS__ -D__CUDA_NO_HALF_CONVERSIONS__ -D__CUDA_NO_BFLOAT16_CONVERSIONS__ -D__CUDA_NO_HALF2_OPERATORS__ --expt-relaxed-constexpr --compiler-options ''"'"'-fPIC'"'"'' -O3 -std=c++17 -U__CUDA_NO_HALF_OPERATORS__ -U__CUDA_NO_HALF_CONVERSIONS__ --use_fast_math --threads=8 -Xptxas=-v -diag-suppress=174 -D_GLIBCXX_USE_CXX11_ABI=1 -gencode arch=compute_120a,code=sm_120a -DTORCH_API_INCLUDE_EXTENSION_H -DTORCH_EXTENSION_NAME=_fused
         FAILED: [code=1] /tmp/qwen-sageattention-20261005/build/temp.linux-x86_64-cpython-312/sageattention._fused/csrc/fused/fused.o 
         /usr/local/cuda-13.0/bin/nvcc -MD -MF /tmp/qwen-sageattention-20261005/build/temp.linux-x86_64-cpython-312/sageattention._fused/csrc/fused/fused.o.d -I/opt/venv/lib/python3.12/site-packages/torch/include -I/opt/venv/lib/python3.12/site-packages/torch/include/torch/csrc/api/include -I/usr/local/cuda-13.0/include -I/opt/venv/include -I/root/.local/share/uv/python/cpython-3.12.15-linux-x86_64-gnu/include/python3.12 -c -c /tmp/qwen-sageattention-20261005/csrc/fused/fused.cu -o /tmp/qwen-sageattention-20261005/build/temp.linux-x86_64-cpython-312/sageattention._fused/csrc/fused/fused.o -D__CUDA_NO_HALF_OPERATORS__ -D__CUDA_NO_HALF_CONVERSIONS__ -D__CUDA_NO_BFLOAT16_CONVERSIONS__ -D__CUDA_NO_HALF2_OPERATORS__ --expt-relaxed-constexpr --compiler-options ''"'"'-fPIC'"'"'' -O3 -std=c++17 -U__CUDA_NO_HALF_OPERATORS__ -U__CUDA_NO_HALF_CONVERSIONS__ --use_fast_math --threads=8 -Xptxas=-v -diag-suppress=174 -D_GLIBCXX_USE_CXX11_ABI=1 -gencode arch=compute_120a,code=sm_120a -DTORCH_API_INCLUDE_EXTENSION_H -DTORCH_EXTENSION_NAME=_fused
         In file included from /opt/venv/lib/python3.12/site-packages/torch/include/ATen/cuda/CUDAContext.h:4,
                          from /tmp/qwen-sageattention-20261005/csrc/fused/fused.cu:17:
         /opt/venv/lib/python3.12/site-packages/torch/include/ATen/cuda/CUDAContextLight.h:10:10: fatal error: cusparse.h: No such file or directory
            10 | #include <cusparse.h>
               |          ^~~~~~~~~~~~
         compilation terminated.
         In file included from /opt/venv/lib/python3.12/site-packages/torch/include/ATen/cuda/CUDAContext.h:4,
                          from /tmp/qwen-sageattention-20261005/csrc/fused/fused.cu:17:
         /opt/venv/lib/python3.12/site-packages/torch/include/ATen/cuda/CUDAContextLight.h:10:10: fatal error: cusparse.h: No such file or directory
            10 | #include <cusparse.h>
               |          ^~~~~~~~~~~~
         compilation terminated.
         fatal   : Could not open input file /tmp/tmpxft_0000aeb8_00000000-7_fused.cpp1.ii
         [6/8] /usr/local/cuda-13.0/bin/nvcc -MD -MF /tmp/qwen-sageattention-20261005/build/temp.linux-x86_64-cpython-312/sageattention._qattn_sm89/csrc/qattn/sm89_qk_int8_sv_f8_accum_f32_fuse_v_scale_attn.o.d -I/opt/venv/lib/python3.12/site-packages/torch/include -I/opt/venv/lib/python3.12/site-packages/torch/include/torch/csrc/api/include -I/usr/local/cuda-13.0/include -I/opt/venv/include -I/root/.local/share/uv/python/cpython-3.12.15-linux-x86_64-gnu/include/python3.12 -c -c /tmp/qwen-sageattention-20261005/csrc/qattn/sm89_qk_int8_sv_f8_accum_f32_fuse_v_scale_attn.cu -o /tmp/qwen-sageattention-20261005/build/temp.linux-x86_64-cpython-312/sageattention._qattn_sm89/csrc/qattn/sm89_qk_int8_sv_f8_accum_f32_fuse_v_scale_attn.o -D__CUDA_NO_HALF_OPERATORS__ -D__CUDA_NO_HALF_CONVERSIONS__ -D__CUDA_NO_BFLOAT16_CONVERSIONS__ -D__CUDA_NO_HALF2_OPERATORS__ --expt-relaxed-constexpr --compiler-options ''"'"'-fPIC'"'"'' -O3 -std=c++17 -U__CUDA_NO_HALF_OPERATORS__ -U__CUDA_NO_HALF_CONVERSIONS__ --use_fast_math --threads=8 -Xptxas=-v -diag-suppress=174 -D_GLIBCXX_USE_CXX11_ABI=1 -gencode arch=compute_120a,code=sm_120a -DTORCH_API_INCLUDE_EXTENSION_H -DTORCH_EXTENSION_NAME=_qattn_sm89
         In file included from /tmp/qwen-sageattention-20261005/csrc/qattn/qk_int_sv_f8_cuda_sm89.cuh:17,
                          from /tmp/qwen-sageattention-20261005/csrc/qattn/sm89_qk_int8_sv_f8_accum_f32_fuse_v_scale_attn.cu:2:
         /tmp/qwen-sageattention-20261005/csrc/qattn/../utils.cuh:36:37: warning: backslash-newline at end of file
            36 | #define CHECK_LASTDIM_CONTIGUOUS(x) \
               |                                      
         In file included from /tmp/qwen-sageattention-20261005/csrc/qattn/qk_int_sv_f8_cuda_sm89.cuh:17,
                          from /tmp/qwen-sageattention-20261005/csrc/qattn/sm89_qk_int8_sv_f8_accum_f32_fuse_v_scale_attn.cu:2:
         /tmp/qwen-sageattention-20261005/csrc/qattn/../utils.cuh:36:37: warning: backslash-newline at end of file
            36 | #define CHECK_LASTDIM_CONTIGUOUS(x) \
               |                                      
         ptxas info    : 28 bytes gmem
         ptxas info    : Compiling entry function '_Z24qk_int_sv_f8_attn_kernelILj128ELj64ELj32ELj64ELj128EL8DataType1EL16QuantGranularity3ELS1_3EfLb0E13__nv_bfloat16L11ComputeUnit1EL8MaskMode0ELb0ELb1ELb0ELb0EEvPaS5_S5_PT9_PfS8_S8_S8_S8_jjjjjjjjjjjjjjjf' for 'sm_120a'
         ptxas info    : Function properties for _Z24qk_int_sv_f8_attn_kernelILj128ELj64ELj32ELj64ELj128EL8DataType1EL16QuantGranularity3ELS1_3EfLb0E13__nv_bfloat16L11ComputeUnit1EL8MaskMode0ELb0ELb1ELb0ELb0EEvPaS5_S5_PT9_PfS8_S8_S8_S8_jjjjjjjjjjjjjjjf
             40 bytes stack frame, 36 bytes spill stores, 36 bytes spill loads
         ptxas info    : Used 255 registers, used 1 barriers, 40 bytes cumulative stack size
         ptxas info    : Compile time = 359.731 ms
         ptxas info    : Compiling entry function '_Z24qk_int_sv_f8_attn_kernelILj128ELj64ELj32ELj64ELj128EL8DataType1EL16QuantGranularity3ELS1_3EfLb0E6__halfL11ComputeUnit1EL8MaskMode0ELb0ELb1ELb0ELb0EEvPaS5_S5_PT9_PfS8_S8_S8_S8_jjjjjjjjjjjjjjjf' for 'sm_120a'
         ptxas info    : Function properties for _Z24qk_int_sv_f8_attn_kernelILj128ELj64ELj32ELj64ELj128EL8DataType1EL16QuantGranularity3ELS1_3EfLb0E6__halfL11ComputeUnit1EL8MaskMode0ELb0ELb1ELb0ELb0EEvPaS5_S5_PT9_PfS8_S8_S8_S8_jjjjjjjjjjjjjjjf
             40 bytes stack frame, 36 bytes spill stores, 36 bytes spill loads
         ptxas info    : Used 255 registers, used 1 barriers, 40 bytes cumulative stack size
         ptxas info    : Compile time = 368.325 ms
         ptxas info    : Compiling entry function '_Z24qk_int_sv_f8_attn_kernelILj128ELj64ELj32ELj64ELj128EL8DataType1EL16QuantGranularity3ELS1_3EfLb0E13__nv_bfloat16L11ComputeUnit1EL8MaskMode0ELb1ELb1ELb0ELb0EEvPaS5_S5_PT9_PfS8_S8_S8_S8_jjjjjjjjjjjjjjjf' for 'sm_120a'
         ptxas info    : Function properties for _Z24qk_int_sv_f8_attn_kernelILj128ELj64ELj32ELj64ELj128EL8DataType1EL16QuantGranularity3ELS1_3EfLb0E13__nv_bfloat16L11ComputeUnit1EL8MaskMode0ELb1ELb1ELb0ELb0EEvPaS5_S5_PT9_PfS8_S8_S8_S8_jjjjjjjjjjjjjjjf
             64 bytes stack frame, 28 bytes spill stores, 28 bytes spill loads
         ptxas info    : Used 255 registers, used 1 barriers, 64 bytes cumulative stack size
         ptxas info    : Compile time = 368.145 ms
         ptxas info    : Compiling entry function '_Z24qk_int_sv_f8_attn_kernelILj128ELj64ELj32ELj64ELj128EL8DataType1EL16QuantGranularity3ELS1_3EfLb0E6__halfL11ComputeUnit1EL8MaskMode0ELb1ELb1ELb0ELb0EEvPaS5_S5_PT9_PfS8_S8_S8_S8_jjjjjjjjjjjjjjjf' for 'sm_120a'
         ptxas info    : Function properties for _Z24qk_int_sv_f8_attn_kernelILj128ELj64ELj32ELj64ELj128EL8DataType1EL16QuantGranularity3ELS1_3EfLb0E6__halfL11ComputeUnit1EL8MaskMode0ELb1ELb1ELb0ELb0EEvPaS5_S5_PT9_PfS8_S8_S8_S8_jjjjjjjjjjjjjjjf
             64 bytes stack frame, 28 bytes spill stores, 28 bytes spill loads
         ptxas info    : Used 255 registers, used 1 barriers, 64 bytes cumulative stack size
         ptxas info    : Compile time = 365.151 ms
         ptxas info    : Compiling entry function '_Z24qk_int_sv_f8_attn_kernelILj128ELj64ELj32ELj64ELj128EL8DataType1EL16QuantGranularity2ELS1_2EfLb0E13__nv_bfloat16L11ComputeUnit1EL8MaskMode0ELb0ELb1ELb0ELb0EEvPaS5_S5_PT9_PfS8_S8_S8_S8_jjjjjjjjjjjjjjjf' for 'sm_120a'
         ptxas info    : Function properties for _Z24qk_int_sv_f8_attn_kernelILj128ELj64ELj32ELj64ELj128EL8DataType1EL16QuantGranularity2ELS1_2EfLb0E13__nv_bfloat16L11ComputeUnit1EL8MaskMode0ELb0ELb1ELb0ELb0EEvPaS5_S5_PT9_PfS8_S8_S8_S8_jjjjjjjjjjjjjjjf
             8 bytes stack frame, 8 bytes spill stores, 8 bytes spill loads
         ptxas info    : Used 255 registers, used 1 barriers, 8 bytes cumulative stack size
         ptxas info    : Compile time = 356.509 ms
         ptxas info    : Compiling entry function '_Z24qk_int_sv_f8_attn_kernelILj128ELj64ELj32ELj64ELj128EL8DataType1EL16QuantGranularity2ELS1_2EfLb0E6__halfL11ComputeUnit1EL8MaskMode0ELb0ELb1ELb0ELb0EEvPaS5_S5_PT9_PfS8_S8_S8_S8_jjjjjjjjjjjjjjjf' for 'sm_120a'
         ptxas info    : Function properties for _Z24qk_int_sv_f8_attn_kernelILj128ELj64ELj32ELj64ELj128EL8DataType1EL16QuantGranularity2ELS1_2EfLb0E6__halfL11ComputeUnit1EL8MaskMode0ELb0ELb1ELb0ELb0EEvPaS5_S5_PT9_PfS8_S8_S8_S8_jjjjjjjjjjjjjjjf
             8 bytes stack frame, 8 bytes spill stores, 8 bytes spill loads
         ptxas info    : Used 255 registers, used 1 barriers, 8 bytes cumulative stack size
         ptxas info    : Compile time = 358.312 ms
         ptxas info    : Compiling entry function '_Z24qk_int_sv_f8_attn_kernelILj128ELj64ELj32ELj64ELj128EL8DataType1EL16QuantGranularity2ELS1_2EfLb0E13__nv_bfloat16L11ComputeUnit1EL8MaskMode0ELb1ELb1ELb0ELb0EEvPaS5_S5_PT9_PfS8_S8_S8_S8_jjjjjjjjjjjjjjjf' for 'sm_120a'
         ptxas info    : Function properties for _Z24qk_int_sv_f8_attn_kernelILj128ELj64ELj32ELj64ELj128EL8DataType1EL16QuantGranularity2ELS1_2EfLb0E13__nv_bfloat16L11ComputeUnit1EL8MaskMode0ELb1ELb1ELb0ELb0EEvPaS5_S5_PT9_PfS8_S8_S8_S8_jjjjjjjjjjjjjjjf
             48 bytes stack frame, 8 bytes spill stores, 8 bytes spill loads
         ptxas info    : Used 255 registers, used 1 barriers, 48 bytes cumulative stack size
         ptxas info    : Compile time = 363.640 ms
         ptxas info    : Compiling entry function '_Z24qk_int_sv_f8_attn_kernelILj128ELj64ELj32ELj64ELj128EL8DataType1EL16QuantGranularity2ELS1_2EfLb0E6__halfL11ComputeUnit1EL8MaskMode0ELb1ELb1ELb0ELb0EEvPaS5_S5_PT9_PfS8_S8_S8_S8_jjjjjjjjjjjjjjjf' for 'sm_120a'
         ptxas info    : Function properties for _Z24qk_int_sv_f8_attn_kernelILj128ELj64ELj32ELj64ELj128EL8DataType1EL16QuantGranularity2ELS1_2EfLb0E6__halfL11ComputeUnit1EL8MaskMode0ELb1ELb1ELb0ELb0EEvPaS5_S5_PT9_PfS8_S8_S8_S8_jjjjjjjjjjjjjjjf
             48 bytes stack frame, 8 bytes spill stores, 8 bytes spill loads
         ptxas info    : Used 255 registers, used 1 barriers, 48 bytes cumulative stack size
         ptxas info    : Compile time = 361.528 ms
         ptxas info    : Compiling entry function '_Z24qk_int_sv_f8_attn_kernelILj128ELj64ELj32ELj64ELj128EL8DataType1EL16QuantGranularity3ELS1_3EfLb0E13__nv_bfloat16L11ComputeUnit1EL8MaskMode1ELb0ELb1ELb0ELb0EEvPaS5_S5_PT9_PfS8_S8_S8_S8_jjjjjjjjjjjjjjjf' for 'sm_120a'
         ptxas info    : Function properties for _Z24qk_int_sv_f8_attn_kernelILj128ELj64ELj32ELj64ELj128EL8DataType1EL16QuantGranularity3ELS1_3EfLb0E13__nv_bfloat16L11ComputeUnit1EL8MaskMode1ELb0ELb1ELb0ELb0EEvPaS5_S5_PT9_PfS8_S8_S8_S8_jjjjjjjjjjjjjjjf
             32 bytes stack frame, 28 bytes spill stores, 28 bytes spill loads
         ptxas info    : Used 255 registers, used 1 barriers, 32 bytes cumulative stack size
         ptxas info    : Compile time = 381.178 ms
         ptxas info    : Compiling entry function '_Z24qk_int_sv_f8_attn_kernelILj128ELj64ELj32ELj64ELj128EL8DataType1EL16QuantGranularity3ELS1_3EfLb0E6__halfL11ComputeUnit1EL8MaskMode1ELb0ELb1ELb0ELb0EEvPaS5_S5_PT9_PfS8_S8_S8_S8_jjjjjjjjjjjjjjjf' for 'sm_120a'
         ptxas info    : Function properties for _Z24qk_int_sv_f8_attn_kernelILj128ELj64ELj32ELj64ELj128EL8DataType1EL16QuantGranularity3ELS1_3EfLb0E6__halfL11ComputeUnit1EL8MaskMode1ELb0ELb1ELb0ELb0EEvPaS5_S5_PT9_PfS8_S8_S8_S8_jjjjjjjjjjjjjjjf
             32 bytes stack frame, 28 bytes spill stores, 28 bytes spill loads
         ptxas info    : Used 255 registers, used 1 barriers, 32 bytes cumulative stack size
         ptxas info    : Compile time = 384.912 ms
         ptxas info    : Compiling entry function '_Z24qk_int_sv_f8_attn_kernelILj128ELj64ELj32ELj64ELj128EL8DataType1EL16QuantGranularity3ELS1_3EfLb0E13__nv_bfloat16L11ComputeUnit1EL8MaskMode1ELb1ELb1ELb0ELb0EEvPaS5_S5_PT9_PfS8_S8_S8_S8_jjjjjjjjjjjjjjjf' for 'sm_120a'
         ptxas info    : Function properties for _Z24qk_int_sv_f8_attn_kernelILj128ELj64ELj32ELj64ELj128EL8DataType1EL16QuantGranularity3ELS1_3EfLb0E13__nv_bfloat16L11ComputeUnit1EL8MaskMode1ELb1ELb1ELb0ELb0EEvPaS5_S5_PT9_PfS8_S8_S8_S8_jjjjjjjjjjjjjjjf
             48 bytes stack frame, 4 bytes spill stores, 4 bytes spill loads
         ptxas info    : Used 255 registers, used 1 barriers, 48 bytes cumulative stack size
         ptxas info    : Compile time = 385.293 ms
         ptxas info    : Compiling entry function '_Z24qk_int_sv_f8_attn_kernelILj128ELj64ELj32ELj64ELj128EL8DataType1EL16QuantGranularity3ELS1_3EfLb0E6__halfL11ComputeUnit1EL8MaskMode1ELb1ELb1ELb0ELb0EEvPaS5_S5_PT9_PfS8_S8_S8_S8_jjjjjjjjjjjjjjjf' for 'sm_120a'
         ptxas info    : Function properties for _Z24qk_int_sv_f8_attn_kernelILj128ELj64ELj32ELj64ELj128EL8DataType1EL16QuantGranularity3ELS1_3EfLb0E6__halfL11ComputeUnit1EL8MaskMode1ELb1ELb1ELb0ELb0EEvPaS5_S5_PT9_PfS8_S8_S8_S8_jjjjjjjjjjjjjjjf
             48 bytes stack frame, 4 bytes spill stores, 4 bytes spill loads
         ptxas info    : Used 255 registers, used 1 barriers, 48 bytes cumulative stack size
         ptxas info    : Compile time = 384.131 ms
         ptxas info    : Compiling entry function '_Z24qk_int_sv_f8_attn_kernelILj128ELj64ELj32ELj64ELj128EL8DataType1EL16QuantGranularity2ELS1_2EfLb0E13__nv_bfloat16L11ComputeUnit1EL8MaskMode1ELb0ELb1ELb0ELb0EEvPaS5_S5_PT9_PfS8_S8_S8_S8_jjjjjjjjjjjjjjjf' for 'sm_120a'
         ptxas info    : Function properties for _Z24qk_int_sv_f8_attn_kernelILj128ELj64ELj32ELj64ELj128EL8DataType1EL16QuantGranularity2ELS1_2EfLb0E13__nv_bfloat16L11ComputeUnit1EL8MaskMode1ELb0ELb1ELb0ELb0EEvPaS5_S5_PT9_PfS8_S8_S8_S8_jjjjjjjjjjjjjjjf
             32 bytes stack frame, 28 bytes spill stores, 28 bytes spill loads
         ptxas info    : Used 255 registers, used 1 barriers, 32 bytes cumulative stack size
         ptxas info    : Compile time = 390.945 ms
         ptxas info    : Compiling entry function '_Z24qk_int_sv_f8_attn_kernelILj128ELj64ELj32ELj64ELj128EL8DataType1EL16QuantGranularity2ELS1_2EfLb0E6__halfL11ComputeUnit1EL8MaskMode1ELb0ELb1ELb0ELb0EEvPaS5_S5_PT9_PfS8_S8_S8_S8_jjjjjjjjjjjjjjjf' for 'sm_120a'
         ptxas info    : Function properties for _Z24qk_int_sv_f8_attn_kernelILj128ELj64ELj32ELj64ELj128EL8DataType1EL16QuantGranularity2ELS1_2EfLb0E6__halfL11ComputeUnit1EL8MaskMode1ELb0ELb1ELb0ELb0EEvPaS5_S5_PT9_PfS8_S8_S8_S8_jjjjjjjjjjjjjjjf
             32 bytes stack frame, 28 bytes spill stores, 28 bytes spill loads
         ptxas info    : Used 255 registers, used 1 barriers, 32 bytes cumulative stack size
         ptxas info    : Compile time = 386.103 ms
         ptxas info    : Compiling entry function '_Z24qk_int_sv_f8_attn_kernelILj128ELj64ELj32ELj64ELj128EL8DataType1EL16QuantGranularity2ELS1_2EfLb0E13__nv_bfloat16L11ComputeUnit1EL8MaskMode1ELb1ELb1ELb0ELb0EEvPaS5_S5_PT9_PfS8_S8_S8_S8_jjjjjjjjjjjjjjjf' for 'sm_120a'
         ptxas info    : Function properties for _Z24qk_int_sv_f8_attn_kernelILj128ELj64ELj32ELj64ELj128EL8DataType1EL16QuantGranularity2ELS1_2EfLb0E13__nv_bfloat16L11ComputeUnit1EL8MaskMode1ELb1ELb1ELb0ELb0EEvPaS5_S5_PT9_PfS8_S8_S8_S8_jjjjjjjjjjjjjjjf
             32 bytes stack frame, 0 bytes spill stores, 0 bytes spill loads
         ptxas info    : Used 255 registers, used 1 barriers, 32 bytes cumulative stack size
         ptxas info    : Compile time = 387.170 ms
         ptxas info    : Compiling entry function '_Z24qk_int_sv_f8_attn_kernelILj128ELj64ELj32ELj64ELj128EL8DataType1EL16QuantGranularity2ELS1_2EfLb0E6__halfL11ComputeUnit1EL8MaskMode1ELb1ELb1ELb0ELb0EEvPaS5_S5_PT9_PfS8_S8_S8_S8_jjjjjjjjjjjjjjjf' for 'sm_120a'
         ptxas info    : Function properties for _Z24qk_int_sv_f8_attn_kernelILj128ELj64ELj32ELj64ELj128EL8DataType1EL16QuantGranularity2ELS1_2EfLb0E6__halfL11ComputeUnit1EL8MaskMode1ELb1ELb1ELb0ELb0EEvPaS5_S5_PT9_PfS8_S8_S8_S8_jjjjjjjjjjjjjjjf
             32 bytes stack frame, 0 bytes spill stores, 0 bytes spill loads
         ptxas info    : Used 255 registers, used 1 barriers, 32 bytes cumulative stack size
         ptxas info    : Compile time = 387.860 ms
         ptxas info    : Compiling entry function '_Z24qk_int_sv_f8_attn_kernelILj128ELj64ELj32ELj64ELj64EL8DataType1EL16QuantGranularity3ELS1_3EfLb0E13__nv_bfloat16L11ComputeUnit1EL8MaskMode0ELb0ELb1ELb0ELb0EEvPaS5_S5_PT9_PfS8_S8_S8_S8_jjjjjjjjjjjjjjjf' for 'sm_120a'
         ptxas info    : Function properties for _Z24qk_int_sv_f8_attn_kernelILj128ELj64ELj32ELj64ELj64EL8DataType1EL16QuantGranularity3ELS1_3EfLb0E13__nv_bfloat16L11ComputeUnit1EL8MaskMode0ELb0ELb1ELb0ELb0EEvPaS5_S5_PT9_PfS8_S8_S8_S8_jjjjjjjjjjjjjjjf
             0 bytes stack frame, 0 bytes spill stores, 0 bytes spill loads
         ptxas info    : Used 211 registers, used 1 barriers
         ptxas info    : Compile time = 162.981 ms
         ptxas info    : Compiling entry function '_Z24qk_int_sv_f8_attn_kernelILj128ELj64ELj32ELj64ELj64EL8DataType1EL16QuantGranularity3ELS1_3EfLb0E6__halfL11ComputeUnit1EL8MaskMode0ELb0ELb1ELb0ELb0EEvPaS5_S5_PT9_PfS8_S8_S8_S8_jjjjjjjjjjjjjjjf' for 'sm_120a'
         ptxas info    : Function properties for _Z24qk_int_sv_f8_attn_kernelILj128ELj64ELj32ELj64ELj64EL8DataType1EL16QuantGranularity3ELS1_3EfLb0E6__halfL11ComputeUnit1EL8MaskMode0ELb0ELb1ELb0ELb0EEvPaS5_S5_PT9_PfS8_S8_S8_S8_jjjjjjjjjjjjjjjf
             0 bytes stack frame, 0 bytes spill stores, 0 bytes spill loads
         ptxas info    : Used 211 registers, used 1 barriers
         ptxas info    : Compile time = 165.722 ms
         ptxas info    : Compiling entry function '_Z24qk_int_sv_f8_attn_kernelILj128ELj64ELj32ELj64ELj64EL8DataType1EL16QuantGranularity3ELS1_3EfLb0E13__nv_bfloat16L11ComputeUnit1EL8MaskMode0ELb1ELb1ELb0ELb0EEvPaS5_S5_PT9_PfS8_S8_S8_S8_jjjjjjjjjjjjjjjf' for 'sm_120a'
         ptxas info    : Function properties for _Z24qk_int_sv_f8_attn_kernelILj128ELj64ELj32ELj64ELj64EL8DataType1EL16QuantGranularity3ELS1_3EfLb0E13__nv_bfloat16L11ComputeUnit1EL8MaskMode0ELb1ELb1ELb0ELb0EEvPaS5_S5_PT9_PfS8_S8_S8_S8_jjjjjjjjjjjjjjjf
             32 bytes stack frame, 0 bytes spill stores, 0 bytes spill loads
         ptxas info    : Used 208 registers, used 1 barriers, 32 bytes cumulative stack size
         ptxas info    : Compile time = 166.903 ms
         ptxas info    : Compiling entry function '_Z24qk_int_sv_f8_attn_kernelILj128ELj64ELj32ELj64ELj64EL8DataType1EL16QuantGranularity3ELS1_3EfLb0E6__halfL11ComputeUnit1EL8MaskMode0ELb1ELb1ELb0ELb0EEvPaS5_S5_PT9_PfS8_S8_S8_S8_jjjjjjjjjjjjjjjf' for 'sm_120a'
         ptxas info    : Function properties for _Z24qk_int_sv_f8_attn_kernelILj128ELj64ELj32ELj64ELj64EL8DataType1EL16QuantGranularity3ELS1_3EfLb0E6__halfL11ComputeUnit1EL8MaskMode0ELb1ELb1ELb0ELb0EEvPaS5_S5_PT9_PfS8_S8_S8_S8_jjjjjjjjjjjjjjjf
             32 bytes stack frame, 0 bytes spill stores, 0 bytes spill loads
         ptxas info    : Used 208 registers, used 1 barriers, 32 bytes cumulative stack size
         ptxas info    : Compile time = 166.160 ms
         ptxas info    : Compiling entry function '_Z24qk_int_sv_f8_attn_kernelILj128ELj64ELj32ELj64ELj64EL8DataType1EL16QuantGranularity2ELS1_2EfLb0E13__nv_bfloat16L11ComputeUnit1EL8MaskMode0ELb0ELb1ELb0ELb0EEvPaS5_S5_PT9_PfS8_S8_S8_S8_jjjjjjjjjjjjjjjf' for 'sm_120a'
         ptxas info    : Function properties for _Z24qk_int_sv_f8_attn_kernelILj128ELj64ELj32ELj64ELj64EL8DataType1EL16QuantGranularity2ELS1_2EfLb0E13__nv_bfloat16L11ComputeUnit1EL8MaskMode0ELb0ELb1ELb0ELb0EEvPaS5_S5_PT9_PfS8_S8_S8_S8_jjjjjjjjjjjjjjjf
             0 bytes stack frame, 0 bytes spill stores, 0 bytes spill loads
         ptxas info    : Used 208 registers, used 1 barriers
         ptxas info    : Compile time = 161.864 ms
         ptxas info    : Compiling entry function '_Z24qk_int_sv_f8_attn_kernelILj128ELj64ELj32ELj64ELj64EL8DataType1EL16QuantGranularity2ELS1_2EfLb0E6__halfL11ComputeUnit1EL8MaskMode0ELb0ELb1ELb0ELb0EEvPaS5_S5_PT9_PfS8_S8_S8_S8_jjjjjjjjjjjjjjjf' for 'sm_120a'
         ptxas info    : Function properties for _Z24qk_int_sv_f8_attn_kernelILj128ELj64ELj32ELj64ELj64EL8DataType1EL16QuantGranularity2ELS1_2EfLb0E6__halfL11ComputeUnit1EL8MaskMode0ELb0ELb1ELb0ELb0EEvPaS5_S5_PT9_PfS8_S8_S8_S8_jjjjjjjjjjjjjjjf
             0 bytes stack frame, 0 bytes spill stores, 0 bytes spill loads
         ptxas info    : Used 208 registers, used 1 barriers
         ptxas info    : Compile time = 161.217 ms
         ptxas info    : Compiling entry function '_Z24qk_int_sv_f8_attn_kernelILj128ELj64ELj32ELj64ELj64EL8DataType1EL16QuantGranularity2ELS1_2EfLb0E13__nv_bfloat16L11ComputeUnit1EL8MaskMode0ELb1ELb1ELb0ELb0EEvPaS5_S5_PT9_PfS8_S8_S8_S8_jjjjjjjjjjjjjjjf' for 'sm_120a'
         ptxas info    : Function properties for _Z24qk_int_sv_f8_attn_kernelILj128ELj64ELj32ELj64ELj64EL8DataType1EL16QuantGranularity2ELS1_2EfLb0E13__nv_bfloat16L11ComputeUnit1EL8MaskMode0ELb1ELb1ELb0ELb0EEvPaS5_S5_PT9_PfS8_S8_S8_S8_jjjjjjjjjjjjjjjf
             32 bytes stack frame, 0 bytes spill stores, 0 bytes spill loads
         ptxas info    : Used 208 registers, used 1 barriers, 32 bytes cumulative stack size
         ptxas info    : Compile time = 163.275 ms
         ptxas info    : Compiling entry function '_Z24qk_int_sv_f8_attn_kernelILj128ELj64ELj32ELj64ELj64EL8DataType1EL16QuantGranularity2ELS1_2EfLb0E6__halfL11ComputeUnit1EL8MaskMode0ELb1ELb1ELb0ELb0EEvPaS5_S5_PT9_PfS8_S8_S8_S8_jjjjjjjjjjjjjjjf' for 'sm_120a'
         ptxas info    : Function properties for _Z24qk_int_sv_f8_attn_kernelILj128ELj64ELj32ELj64ELj64EL8DataType1EL16QuantGranularity2ELS1_2EfLb0E6__halfL11ComputeUnit1EL8MaskMode0ELb1ELb1ELb0ELb0EEvPaS5_S5_PT9_PfS8_S8_S8_S8_jjjjjjjjjjjjjjjf
             32 bytes stack frame, 0 bytes spill stores, 0 bytes spill loads
         ptxas info    : Used 208 registers, used 1 barriers, 32 bytes cumulative stack size
         ptxas info    : Compile time = 168.093 ms
         ptxas info    : Compiling entry function '_Z24qk_int_sv_f8_attn_kernelILj128ELj64ELj32ELj64ELj64EL8DataType1EL16QuantGranularity3ELS1_3EfLb0E13__nv_bfloat16L11ComputeUnit1EL8MaskMode1ELb0ELb1ELb0ELb0EEvPaS5_S5_PT9_PfS8_S8_S8_S8_jjjjjjjjjjjjjjjf' for 'sm_120a'
         ptxas info    : Function properties for _Z24qk_int_sv_f8_attn_kernelILj128ELj64ELj32ELj64ELj64EL8DataType1EL16QuantGranularity3ELS1_3EfLb0E13__nv_bfloat16L11ComputeUnit1EL8MaskMode1ELb0ELb1ELb0ELb0EEvPaS5_S5_PT9_PfS8_S8_S8_S8_jjjjjjjjjjjjjjjf
             0 bytes stack frame, 0 bytes spill stores, 0 bytes spill loads
         ptxas info    : Used 214 registers, used 1 barriers
         ptxas info    : Compile time = 181.598 ms
         ptxas info    : Compiling entry function '_Z24qk_int_sv_f8_attn_kernelILj128ELj64ELj32ELj64ELj64EL8DataType1EL16QuantGranularity3ELS1_3EfLb0E6__halfL11ComputeUnit1EL8MaskMode1ELb0ELb1ELb0ELb0EEvPaS5_S5_PT9_PfS8_S8_S8_S8_jjjjjjjjjjjjjjjf' for 'sm_120a'
         ptxas info    : Function properties for _Z24qk_int_sv_f8_attn_kernelILj128ELj64ELj32ELj64ELj64EL8DataType1EL16QuantGranularity3ELS1_3EfLb0E6__halfL11ComputeUnit1EL8MaskMode1ELb0ELb1ELb0ELb0EEvPaS5_S5_PT9_PfS8_S8_S8_S8_jjjjjjjjjjjjjjjf
             0 bytes stack frame, 0 bytes spill stores, 0 bytes spill loads
         ptxas info    : Used 214 registers, used 1 barriers
         ptxas info    : Compile time = 177.414 ms
         ptxas info    : Compiling entry function '_Z24qk_int_sv_f8_attn_kernelILj128ELj64ELj32ELj64ELj64EL8DataType1EL16QuantGranularity3ELS1_3EfLb0E13__nv_bfloat16L11ComputeUnit1EL8MaskMode1ELb1ELb1ELb0ELb0EEvPaS5_S5_PT9_PfS8_S8_S8_S8_jjjjjjjjjjjjjjjf' for 'sm_120a'
         ptxas info    : Function properties for _Z24qk_int_sv_f8_attn_kernelILj128ELj64ELj32ELj64ELj64EL8DataType1EL16QuantGranularity3ELS1_3EfLb0E13__nv_bfloat16L11ComputeUnit1EL8MaskMode1ELb1ELb1ELb0ELb0EEvPaS5_S5_PT9_PfS8_S8_S8_S8_jjjjjjjjjjjjjjjf
             32 bytes stack frame, 0 bytes spill stores, 0 bytes spill loads
         ptxas info    : Used 226 registers, used 1 barriers, 32 bytes cumulative stack size
         ptxas info    : Compile time = 179.654 ms
         ptxas info    : Compiling entry function '_Z24qk_int_sv_f8_attn_kernelILj128ELj64ELj32ELj64ELj64EL8DataType1EL16QuantGranularity3ELS1_3EfLb0E6__halfL11ComputeUnit1EL8MaskMode1ELb1ELb1ELb0ELb0EEvPaS5_S5_PT9_PfS8_S8_S8_S8_jjjjjjjjjjjjjjjf' for 'sm_120a'
         ptxas info    : Function properties for _Z24qk_int_sv_f8_attn_kernelILj128ELj64ELj32ELj64ELj64EL8DataType1EL16QuantGranularity3ELS1_3EfLb0E6__halfL11ComputeUnit1EL8MaskMode1ELb1ELb1ELb0ELb0EEvPaS5_S5_PT9_PfS8_S8_S8_S8_jjjjjjjjjjjjjjjf
             32 bytes stack frame, 0 bytes spill stores, 0 bytes spill loads
         ptxas info    : Used 226 registers, used 1 barriers, 32 bytes cumulative stack size
         ptxas info    : Compile time = 181.548 ms
         ptxas info    : Compiling entry function '_Z24qk_int_sv_f8_attn_kernelILj128ELj64ELj32ELj64ELj64EL8DataType1EL16QuantGranularity2ELS1_2EfLb0E13__nv_bfloat16L11ComputeUnit1EL8MaskMode1ELb0ELb1ELb0ELb0EEvPaS5_S5_PT9_PfS8_S8_S8_S8_jjjjjjjjjjjjjjjf' for 'sm_120a'
         ptxas info    : Function properties for _Z24qk_int_sv_f8_attn_kernelILj128ELj64ELj32ELj64ELj64EL8DataType1EL16QuantGranularity2ELS1_2EfLb0E13__nv_bfloat16L11ComputeUnit1EL8MaskMode1ELb0ELb1ELb0ELb0EEvPaS5_S5_PT9_PfS8_S8_S8_S8_jjjjjjjjjjjjjjjf
             0 bytes stack frame, 0 bytes spill stores, 0 bytes spill loads
         ptxas info    : Used 213 registers, used 1 barriers
         ptxas info    : Compile time = 175.494 ms
         ptxas info    : Compiling entry function '_Z24qk_int_sv_f8_attn_kernelILj128ELj64ELj32ELj64ELj64EL8DataType1EL16QuantGranularity2ELS1_2EfLb0E6__halfL11ComputeUnit1EL8MaskMode1ELb0ELb1ELb0ELb0EEvPaS5_S5_PT9_PfS8_S8_S8_S8_jjjjjjjjjjjjjjjf' for 'sm_120a'
         ptxas info    : Function properties for _Z24qk_int_sv_f8_attn_kernelILj128ELj64ELj32ELj64ELj64EL8DataType1EL16QuantGranularity2ELS1_2EfLb0E6__halfL11ComputeUnit1EL8MaskMode1ELb0ELb1ELb0ELb0EEvPaS5_S5_PT9_PfS8_S8_S8_S8_jjjjjjjjjjjjjjjf
             0 bytes stack frame, 0 bytes spill stores, 0 bytes spill loads
         ptxas info    : Used 213 registers, used 1 barriers
         ptxas info    : Compile time = 175.981 ms
         ptxas info    : Compiling entry function '_Z24qk_int_sv_f8_attn_kernelILj128ELj64ELj32ELj64ELj64EL8DataType1EL16QuantGranularity2ELS1_2EfLb0E13__nv_bfloat16L11ComputeUnit1EL8MaskMode1ELb1ELb1ELb0ELb0EEvPaS5_S5_PT9_PfS8_S8_S8_S8_jjjjjjjjjjjjjjjf' for 'sm_120a'
         ptxas info    : Function properties for _Z24qk_int_sv_f8_attn_kernelILj128ELj64ELj32ELj64ELj64EL8DataType1EL16QuantGranularity2ELS1_2EfLb0E13__nv_bfloat16L11ComputeUnit1EL8MaskMode1ELb1ELb1ELb0ELb0EEvPaS5_S5_PT9_PfS8_S8_S8_S8_jjjjjjjjjjjjjjjf
             32 bytes stack frame, 0 bytes spill stores, 0 bytes spill loads
         ptxas info    : Used 226 registers, used 1 barriers, 32 bytes cumulative stack size
         ptxas info    : Compile time = 175.129 ms
         ptxas info    : Compiling entry function '_Z24qk_int_sv_f8_attn_kernelILj128ELj64ELj32ELj64ELj64EL8DataType1EL16QuantGranularity2ELS1_2EfLb0E6__halfL11ComputeUnit1EL8MaskMode1ELb1ELb1ELb0ELb0EEvPaS5_S5_PT9_PfS8_S8_S8_S8_jjjjjjjjjjjjjjjf' for 'sm_120a'
         ptxas info    : Function properties for _Z24qk_int_sv_f8_attn_kernelILj128ELj64ELj32ELj64ELj64EL8DataType1EL16QuantGranularity2ELS1_2EfLb0E6__halfL11ComputeUnit1EL8MaskMode1ELb1ELb1ELb0ELb0EEvPaS5_S5_PT9_PfS8_S8_S8_S8_jjjjjjjjjjjjjjjf
             32 bytes stack frame, 0 bytes spill stores, 0 bytes spill loads
         ptxas info    : Used 226 registers, used 1 barriers, 32 bytes cumulative stack size
         ptxas info    : Compile time = 174.911 ms
         [7/8] /usr/local/cuda-13.0/bin/nvcc -MD -MF /tmp/qwen-sageattention-20261005/build/temp.linux-x86_64-cpython-312/sageattention._qattn_sm89/csrc/qattn/sm89_qk_int8_sv_f8_accum_f32_fuse_v_scale_attn_inst_buf.o.d -I/opt/venv/lib/python3.12/site-packages/torch/include -I/opt/venv/lib/python3.12/site-packages/torch/include/torch/csrc/api/include -I/usr/local/cuda-13.0/include -I/opt/venv/include -I/root/.local/share/uv/python/cpython-3.12.15-linux-x86_64-gnu/include/python3.12 -c -c /tmp/qwen-sageattention-20261005/csrc/qattn/sm89_qk_int8_sv_f8_accum_f32_fuse_v_scale_attn_inst_buf.cu -o /tmp/qwen-sageattention-20261005/build/temp.linux-x86_64-cpython-312/sageattention._qattn_sm89/csrc/qattn/sm89_qk_int8_sv_f8_accum_f32_fuse_v_scale_attn_inst_buf.o -D__CUDA_NO_HALF_OPERATORS__ -D__CUDA_NO_HALF_CONVERSIONS__ -D__CUDA_NO_BFLOAT16_CONVERSIONS__ -D__CUDA_NO_HALF2_OPERATORS__ --expt-relaxed-constexpr --compiler-options ''"'"'-fPIC'"'"'' -O3 -std=c++17 -U__CUDA_NO_HALF_OPERATORS__ -U__CUDA_NO_HALF_CONVERSIONS__ --use_fast_math --threads=8 -Xptxas=-v -diag-suppress=174 -D_GLIBCXX_USE_CXX11_ABI=1 -gencode arch=compute_120a,code=sm_120a -DTORCH_API_INCLUDE_EXTENSION_H -DTORCH_EXTENSION_NAME=_qattn_sm89
         In file included from /tmp/qwen-sageattention-20261005/csrc/qattn/qk_int_sv_f8_cuda_sm89.cuh:17,
                          from /tmp/qwen-sageattention-20261005/csrc/qattn/sm89_qk_int8_sv_f8_accum_f32_fuse_v_scale_attn_inst_buf.cu:2:
         /tmp/qwen-sageattention-20261005/csrc/qattn/../utils.cuh:36:37: warning: backslash-newline at end of file
            36 | #define CHECK_LASTDIM_CONTIGUOUS(x) \
               |                                      
         In file included from /tmp/qwen-sageattention-20261005/csrc/qattn/qk_int_sv_f8_cuda_sm89.cuh:17,
                          from /tmp/qwen-sageattention-20261005/csrc/qattn/sm89_qk_int8_sv_f8_accum_f32_fuse_v_scale_attn_inst_buf.cu:2:
         /tmp/qwen-sageattention-20261005/csrc/qattn/../utils.cuh:36:37: warning: backslash-newline at end of file
            36 | #define CHECK_LASTDIM_CONTIGUOUS(x) \
               |                                      
         ptxas info    : 28 bytes gmem
         ptxas info    : Compiling entry function '_Z24qk_int_sv_f8_attn_kernelILj128ELj64ELj32ELj64ELj128EL8DataType1EL16QuantGranularity3ELS1_3EfLb1E13__nv_bfloat16L11ComputeUnit1EL8MaskMode0ELb0ELb1ELb0ELb0EEvPaS5_S5_PT9_PfS8_S8_S8_S8_jjjjjjjjjjjjjjjf' for 'sm_120a'
         ptxas info    : Function properties for _Z24qk_int_sv_f8_attn_kernelILj128ELj64ELj32ELj64ELj128EL8DataType1EL16QuantGranularity3ELS1_3EfLb1E13__nv_bfloat16L11ComputeUnit1EL8MaskMode0ELb0ELb1ELb0ELb0EEvPaS5_S5_PT9_PfS8_S8_S8_S8_jjjjjjjjjjjjjjjf
             0 bytes stack frame, 0 bytes spill stores, 0 bytes spill loads
         ptxas info    : Used 255 registers, used 1 barriers
         ptxas info    : Compile time = 555.844 ms
         ptxas info    : Compiling entry function '_Z24qk_int_sv_f8_attn_kernelILj128ELj64ELj32ELj64ELj128EL8DataType1EL16QuantGranularity3ELS1_3EfLb1E6__halfL11ComputeUnit1EL8MaskMode0ELb0ELb1ELb0ELb0EEvPaS5_S5_PT9_PfS8_S8_S8_S8_jjjjjjjjjjjjjjjf' for 'sm_120a'
         ptxas info    : Function properties for _Z24qk_int_sv_f8_attn_kernelILj128ELj64ELj32ELj64ELj128EL8DataType1EL16QuantGranularity3ELS1_3EfLb1E6__halfL11ComputeUnit1EL8MaskMode0ELb0ELb1ELb0ELb0EEvPaS5_S5_PT9_PfS8_S8_S8_S8_jjjjjjjjjjjjjjjf
             0 bytes stack frame, 0 bytes spill stores, 0 bytes spill loads
         ptxas info    : Used 255 registers, used 1 barriers
         ptxas info    : Compile time = 560.184 ms
         ptxas info    : Compiling entry function '_Z24qk_int_sv_f8_attn_kernelILj128ELj64ELj32ELj64ELj128EL8DataType1EL16QuantGranularity3ELS1_3EfLb1E13__nv_bfloat16L11ComputeUnit1EL8MaskMode0ELb1ELb1ELb0ELb0EEvPaS5_S5_PT9_PfS8_S8_S8_S8_jjjjjjjjjjjjjjjf' for 'sm_120a'
         ptxas info    : Function properties for _Z24qk_int_sv_f8_attn_kernelILj128ELj64ELj32ELj64ELj128EL8DataType1EL16QuantGranularity3ELS1_3EfLb1E13__nv_bfloat16L11ComputeUnit1EL8MaskMode0ELb1ELb1ELb0ELb0EEvPaS5_S5_PT9_PfS8_S8_S8_S8_jjjjjjjjjjjjjjjf
             32 bytes stack frame, 0 bytes spill stores, 0 bytes spill loads
         ptxas info    : Used 255 registers, used 1 barriers, 32 bytes cumulative stack size
         ptxas info    : Compile time = 557.242 ms
         ptxas info    : Compiling entry function '_Z24qk_int_sv_f8_attn_kernelILj128ELj64ELj32ELj64ELj128EL8DataType1EL16QuantGranularity3ELS1_3EfLb1E6__halfL11ComputeUnit1EL8MaskMode0ELb1ELb1ELb0ELb0EEvPaS5_S5_PT9_PfS8_S8_S8_S8_jjjjjjjjjjjjjjjf' for 'sm_120a'
         ptxas info    : Function properties for _Z24qk_int_sv_f8_attn_kernelILj128ELj64ELj32ELj64ELj128EL8DataType1EL16QuantGranularity3ELS1_3EfLb1E6__halfL11ComputeUnit1EL8MaskMode0ELb1ELb1ELb0ELb0EEvPaS5_S5_PT9_PfS8_S8_S8_S8_jjjjjjjjjjjjjjjf
             32 bytes stack frame, 0 bytes spill stores, 0 bytes spill loads
         ptxas info    : Used 255 registers, used 1 barriers, 32 bytes cumulative stack size
         ptxas info    : Compile time = 552.691 ms
         ptxas info    : Compiling entry function '_Z24qk_int_sv_f8_attn_kernelILj128ELj64ELj32ELj64ELj128EL8DataType1EL16QuantGranularity2ELS1_2EfLb1E13__nv_bfloat16L11ComputeUnit1EL8MaskMode0ELb0ELb1ELb0ELb0EEvPaS5_S5_PT9_PfS8_S8_S8_S8_jjjjjjjjjjjjjjjf' for 'sm_120a'
         ptxas info    : Function properties for _Z24qk_int_sv_f8_attn_kernelILj128ELj64ELj32ELj64ELj128EL8DataType1EL16QuantGranularity2ELS1_2EfLb1E13__nv_bfloat16L11ComputeUnit1EL8MaskMode0ELb0ELb1ELb0ELb0EEvPaS5_S5_PT9_PfS8_S8_S8_S8_jjjjjjjjjjjjjjjf
             0 bytes stack frame, 0 bytes spill stores, 0 bytes spill loads
         ptxas info    : Used 255 registers, used 1 barriers
         ptxas info    : Compile time = 541.336 ms
         ptxas info    : Compiling entry function '_Z24qk_int_sv_f8_attn_kernelILj128ELj64ELj32ELj64ELj128EL8DataType1EL16QuantGranularity2ELS1_2EfLb1E6__halfL11ComputeUnit1EL8MaskMode0ELb0ELb1ELb0ELb0EEvPaS5_S5_PT9_PfS8_S8_S8_S8_jjjjjjjjjjjjjjjf' for 'sm_120a'
         ptxas info    : Function properties for _Z24qk_int_sv_f8_attn_kernelILj128ELj64ELj32ELj64ELj128EL8DataType1EL16QuantGranularity2ELS1_2EfLb1E6__halfL11ComputeUnit1EL8MaskMode0ELb0ELb1ELb0ELb0EEvPaS5_S5_PT9_PfS8_S8_S8_S8_jjjjjjjjjjjjjjjf
             0 bytes stack frame, 0 bytes spill stores, 0 bytes spill loads
         ptxas info    : Used 255 registers, used 1 barriers
         ptxas info    : Compile time = 548.975 ms
         ptxas info    : Compiling entry function '_Z24qk_int_sv_f8_attn_kernelILj128ELj64ELj32ELj64ELj128EL8DataType1EL16QuantGranularity2ELS1_2EfLb1E13__nv_bfloat16L11ComputeUnit1EL8MaskMode0ELb1ELb1ELb0ELb0EEvPaS5_S5_PT9_PfS8_S8_S8_S8_jjjjjjjjjjjjjjjf' for 'sm_120a'
         ptxas info    : Function properties for _Z24qk_int_sv_f8_attn_kernelILj128ELj64ELj32ELj64ELj128EL8DataType1EL16QuantGranularity2ELS1_2EfLb1E13__nv_bfloat16L11ComputeUnit1EL8MaskMode0ELb1ELb1ELb0ELb0EEvPaS5_S5_PT9_PfS8_S8_S8_S8_jjjjjjjjjjjjjjjf
             32 bytes stack frame, 0 bytes spill stores, 0 bytes spill loads
         ptxas info    : Used 255 registers, used 1 barriers, 32 bytes cumulative stack size
         ptxas info    : Compile time = 553.869 ms
         ptxas info    : Compiling entry function '_Z24qk_int_sv_f8_attn_kernelILj128ELj64ELj32ELj64ELj128EL8DataType1EL16QuantGranularity2ELS1_2EfLb1E6__halfL11ComputeUnit1EL8MaskMode0ELb1ELb1ELb0ELb0EEvPaS5_S5_PT9_PfS8_S8_S8_S8_jjjjjjjjjjjjjjjf' for 'sm_120a'
         ptxas info    : Function properties for _Z24qk_int_sv_f8_attn_kernelILj128ELj64ELj32ELj64ELj128EL8DataType1EL16QuantGranularity2ELS1_2EfLb1E6__halfL11ComputeUnit1EL8MaskMode0ELb1ELb1ELb0ELb0EEvPaS5_S5_PT9_PfS8_S8_S8_S8_jjjjjjjjjjjjjjjf
             32 bytes stack frame, 0 bytes spill stores, 0 bytes spill loads
         ptxas info    : Used 255 registers, used 1 barriers, 32 bytes cumulative stack size
         ptxas info    : Compile time = 567.113 ms
         ptxas info    : Compiling entry function '_Z24qk_int_sv_f8_attn_kernelILj128ELj64ELj32ELj64ELj128EL8DataType1EL16QuantGranularity3ELS1_3EfLb1E13__nv_bfloat16L11ComputeUnit1EL8MaskMode1ELb0ELb1ELb0ELb0EEvPaS5_S5_PT9_PfS8_S8_S8_S8_jjjjjjjjjjjjjjjf' for 'sm_120a'
         ptxas info    : Function properties for _Z24qk_int_sv_f8_attn_kernelILj128ELj64ELj32ELj64ELj128EL8DataType1EL16QuantGranularity3ELS1_3EfLb1E13__nv_bfloat16L11ComputeUnit1EL8MaskMode1ELb0ELb1ELb0ELb0EEvPaS5_S5_PT9_PfS8_S8_S8_S8_jjjjjjjjjjjjjjjf
             0 bytes stack frame, 0 bytes spill stores, 0 bytes spill loads
         ptxas info    : Used 255 registers, used 1 barriers
         ptxas info    : Compile time = 579.193 ms
         ptxas info    : Compiling entry function '_Z24qk_int_sv_f8_attn_kernelILj128ELj64ELj32ELj64ELj128EL8DataType1EL16QuantGranularity3ELS1_3EfLb1E6__halfL11ComputeUnit1EL8MaskMode1ELb0ELb1ELb0ELb0EEvPaS5_S5_PT9_PfS8_S8_S8_S8_jjjjjjjjjjjjjjjf' for 'sm_120a'
         ptxas info    : Function properties for _Z24qk_int_sv_f8_attn_kernelILj128ELj64ELj32ELj64ELj128EL8DataType1EL16QuantGranularity3ELS1_3EfLb1E6__halfL11ComputeUnit1EL8MaskMode1ELb0ELb1ELb0ELb0EEvPaS5_S5_PT9_PfS8_S8_S8_S8_jjjjjjjjjjjjjjjf
             0 bytes stack frame, 0 bytes spill stores, 0 bytes spill loads
         ptxas info    : Used 255 registers, used 1 barriers
         ptxas info    : Compile time = 567.089 ms
         ptxas info    : Compiling entry function '_Z24qk_int_sv_f8_attn_kernelILj128ELj64ELj32ELj64ELj128EL8DataType1EL16QuantGranularity3ELS1_3EfLb1E13__nv_bfloat16L11ComputeUnit1EL8MaskMode1ELb1ELb1ELb0ELb0EEvPaS5_S5_PT9_PfS8_S8_S8_S8_jjjjjjjjjjjjjjjf' for 'sm_120a'
         ptxas info    : Function properties for _Z24qk_int_sv_f8_attn_kernelILj128ELj64ELj32ELj64ELj128EL8DataType1EL16QuantGranularity3ELS1_3EfLb1E13__nv_bfloat16L11ComputeUnit1EL8MaskMode1ELb1ELb1ELb0ELb0EEvPaS5_S5_PT9_PfS8_S8_S8_S8_jjjjjjjjjjjjjjjf
             48 bytes stack frame, 8 bytes spill stores, 8 bytes spill loads
         ptxas info    : Used 255 registers, used 1 barriers, 48 bytes cumulative stack size
         ptxas info    : Compile time = 593.528 ms
         ptxas info    : Compiling entry function '_Z24qk_int_sv_f8_attn_kernelILj128ELj64ELj32ELj64ELj128EL8DataType1EL16QuantGranularity3ELS1_3EfLb1E6__halfL11ComputeUnit1EL8MaskMode1ELb1ELb1ELb0ELb0EEvPaS5_S5_PT9_PfS8_S8_S8_S8_jjjjjjjjjjjjjjjf' for 'sm_120a'
         ptxas info    : Function properties for _Z24qk_int_sv_f8_attn_kernelILj128ELj64ELj32ELj64ELj128EL8DataType1EL16QuantGranularity3ELS1_3EfLb1E6__halfL11ComputeUnit1EL8MaskMode1ELb1ELb1ELb0ELb0EEvPaS5_S5_PT9_PfS8_S8_S8_S8_jjjjjjjjjjjjjjjf
             48 bytes stack frame, 8 bytes spill stores, 8 bytes spill loads
         ptxas info    : Used 255 registers, used 1 barriers, 48 bytes cumulative stack size
         ptxas info    : Compile time = 592.754 ms
         ptxas info    : Compiling entry function '_Z24qk_int_sv_f8_attn_kernelILj128ELj64ELj32ELj64ELj128EL8DataType1EL16QuantGranularity2ELS1_2EfLb1E13__nv_bfloat16L11ComputeUnit1EL8MaskMode1ELb0ELb1ELb0ELb0EEvPaS5_S5_PT9_PfS8_S8_S8_S8_jjjjjjjjjjjjjjjf' for 'sm_120a'
         ptxas info    : Function properties for _Z24qk_int_sv_f8_attn_kernelILj128ELj64ELj32ELj64ELj128EL8DataType1EL16QuantGranularity2ELS1_2EfLb1E13__nv_bfloat16L11ComputeUnit1EL8MaskMode1ELb0ELb1ELb0ELb0EEvPaS5_S5_PT9_PfS8_S8_S8_S8_jjjjjjjjjjjjjjjf
             32 bytes stack frame, 28 bytes spill stores, 28 bytes spill loads
         ptxas info    : Used 255 registers, used 1 barriers, 32 bytes cumulative stack size
         ptxas info    : Compile time = 577.576 ms
         ptxas info    : Compiling entry function '_Z24qk_int_sv_f8_attn_kernelILj128ELj64ELj32ELj64ELj128EL8DataType1EL16QuantGranularity2ELS1_2EfLb1E6__halfL11ComputeUnit1EL8MaskMode1ELb0ELb1ELb0ELb0EEvPaS5_S5_PT9_PfS8_S8_S8_S8_jjjjjjjjjjjjjjjf' for 'sm_120a'
         ptxas info    : Function properties for _Z24qk_int_sv_f8_attn_kernelILj128ELj64ELj32ELj64ELj128EL8DataType1EL16QuantGranularity2ELS1_2EfLb1E6__halfL11ComputeUnit1EL8MaskMode1ELb0ELb1ELb0ELb0EEvPaS5_S5_PT9_PfS8_S8_S8_S8_jjjjjjjjjjjjjjjf
             32 bytes stack frame, 28 bytes spill stores, 28 bytes spill loads
         ptxas info    : Used 255 registers, used 1 barriers, 32 bytes cumulative stack size
         ptxas info    : Compile time = 576.036 ms
         ptxas info    : Compiling entry function '_Z24qk_int_sv_f8_attn_kernelILj128ELj64ELj32ELj64ELj128EL8DataType1EL16QuantGranularity2ELS1_2EfLb1E13__nv_bfloat16L11ComputeUnit1EL8MaskMode1ELb1ELb1ELb0ELb0EEvPaS5_S5_PT9_PfS8_S8_S8_S8_jjjjjjjjjjjjjjjf' for 'sm_120a'
         ptxas info    : Function properties for _Z24qk_int_sv_f8_attn_kernelILj128ELj64ELj32ELj64ELj128EL8DataType1EL16QuantGranularity2ELS1_2EfLb1E13__nv_bfloat16L11ComputeUnit1EL8MaskMode1ELb1ELb1ELb0ELb0EEvPaS5_S5_PT9_PfS8_S8_S8_S8_jjjjjjjjjjjjjjjf
             48 bytes stack frame, 8 bytes spill stores, 8 bytes spill loads
         ptxas info    : Used 255 registers, used 1 barriers, 48 bytes cumulative stack size
         ptxas info    : Compile time = 581.696 ms
         ptxas info    : Compiling entry function '_Z24qk_int_sv_f8_attn_kernelILj128ELj64ELj32ELj64ELj128EL8DataType1EL16QuantGranularity2ELS1_2EfLb1E6__halfL11ComputeUnit1EL8MaskMode1ELb1ELb1ELb0ELb0EEvPaS5_S5_PT9_PfS8_S8_S8_S8_jjjjjjjjjjjjjjjf' for 'sm_120a'
         ptxas info    : Function properties for _Z24qk_int_sv_f8_attn_kernelILj128ELj64ELj32ELj64ELj128EL8DataType1EL16QuantGranularity2ELS1_2EfLb1E6__halfL11ComputeUnit1EL8MaskMode1ELb1ELb1ELb0ELb0EEvPaS5_S5_PT9_PfS8_S8_S8_S8_jjjjjjjjjjjjjjjf
             48 bytes stack frame, 8 bytes spill stores, 8 bytes spill loads
         ptxas info    : Used 255 registers, used 1 barriers, 48 bytes cumulative stack size
         ptxas info    : Compile time = 592.892 ms
         ptxas info    : Compiling entry function '_Z24qk_int_sv_f8_attn_kernelILj128ELj64ELj32ELj64ELj64EL8DataType1EL16QuantGranularity3ELS1_3EfLb1E13__nv_bfloat16L11ComputeUnit1EL8MaskMode0ELb0ELb1ELb0ELb0EEvPaS5_S5_PT9_PfS8_S8_S8_S8_jjjjjjjjjjjjjjjf' for 'sm_120a'
         ptxas info    : Function properties for _Z24qk_int_sv_f8_attn_kernelILj128ELj64ELj32ELj64ELj64EL8DataType1EL16QuantGranularity3ELS1_3EfLb1E13__nv_bfloat16L11ComputeUnit1EL8MaskMode0ELb0ELb1ELb0ELb0EEvPaS5_S5_PT9_PfS8_S8_S8_S8_jjjjjjjjjjjjjjjf
             0 bytes stack frame, 0 bytes spill stores, 0 bytes spill loads
         ptxas info    : Used 252 registers, used 1 barriers
         ptxas info    : Compile time = 243.686 ms
         ptxas info    : Compiling entry function '_Z24qk_int_sv_f8_attn_kernelILj128ELj64ELj32ELj64ELj64EL8DataType1EL16QuantGranularity3ELS1_3EfLb1E6__halfL11ComputeUnit1EL8MaskMode0ELb0ELb1ELb0ELb0EEvPaS5_S5_PT9_PfS8_S8_S8_S8_jjjjjjjjjjjjjjjf' for 'sm_120a'
         ptxas info    : Function properties for _Z24qk_int_sv_f8_attn_kernelILj128ELj64ELj32ELj64ELj64EL8DataType1EL16QuantGranularity3ELS1_3EfLb1E6__halfL11ComputeUnit1EL8MaskMode0ELb0ELb1ELb0ELb0EEvPaS5_S5_PT9_PfS8_S8_S8_S8_jjjjjjjjjjjjjjjf
             0 bytes stack frame, 0 bytes spill stores, 0 bytes spill loads
         ptxas info    : Used 252 registers, used 1 barriers
         ptxas info    : Compile time = 246.787 ms
         ptxas info    : Compiling entry function '_Z24qk_int_sv_f8_attn_kernelILj128ELj64ELj32ELj64ELj64EL8DataType1EL16QuantGranularity3ELS1_3EfLb1E13__nv_bfloat16L11ComputeUnit1EL8MaskMode0ELb1ELb1ELb0ELb0EEvPaS5_S5_PT9_PfS8_S8_S8_S8_jjjjjjjjjjjjjjjf' for 'sm_120a'
         ptxas info    : Function properties for _Z24qk_int_sv_f8_attn_kernelILj128ELj64ELj32ELj64ELj64EL8DataType1EL16QuantGranularity3ELS1_3EfLb1E13__nv_bfloat16L11ComputeUnit1EL8MaskMode0ELb1ELb1ELb0ELb0EEvPaS5_S5_PT9_PfS8_S8_S8_S8_jjjjjjjjjjjjjjjf
             32 bytes stack frame, 0 bytes spill stores, 0 bytes spill loads
         ptxas info    : Used 251 registers, used 1 barriers, 32 bytes cumulative stack size
         ptxas info    : Compile time = 247.964 ms
         ptxas info    : Compiling entry function '_Z24qk_int_sv_f8_attn_kernelILj128ELj64ELj32ELj64ELj64EL8DataType1EL16QuantGranularity3ELS1_3EfLb1E6__halfL11ComputeUnit1EL8MaskMode0ELb1ELb1ELb0ELb0EEvPaS5_S5_PT9_PfS8_S8_S8_S8_jjjjjjjjjjjjjjjf' for 'sm_120a'
         ptxas info    : Function properties for _Z24qk_int_sv_f8_attn_kernelILj128ELj64ELj32ELj64ELj64EL8DataType1EL16QuantGranularity3ELS1_3EfLb1E6__halfL11ComputeUnit1EL8MaskMode0ELb1ELb1ELb0ELb0EEvPaS5_S5_PT9_PfS8_S8_S8_S8_jjjjjjjjjjjjjjjf
             32 bytes stack frame, 0 bytes spill stores, 0 bytes spill loads
         ptxas info    : Used 251 registers, used 1 barriers, 32 bytes cumulative stack size
         ptxas info    : Compile time = 248.583 ms
         ptxas info    : Compiling entry function '_Z24qk_int_sv_f8_attn_kernelILj128ELj64ELj32ELj64ELj64EL8DataType1EL16QuantGranularity2ELS1_2EfLb1E13__nv_bfloat16L11ComputeUnit1EL8MaskMode0ELb0ELb1ELb0ELb0EEvPaS5_S5_PT9_PfS8_S8_S8_S8_jjjjjjjjjjjjjjjf' for 'sm_120a'
         ptxas info    : Function properties for _Z24qk_int_sv_f8_attn_kernelILj128ELj64ELj32ELj64ELj64EL8DataType1EL16QuantGranularity2ELS1_2EfLb1E13__nv_bfloat16L11ComputeUnit1EL8MaskMode0ELb0ELb1ELb0ELb0EEvPaS5_S5_PT9_PfS8_S8_S8_S8_jjjjjjjjjjjjjjjf
             0 bytes stack frame, 0 bytes spill stores, 0 bytes spill loads
         ptxas info    : Used 250 registers, used 1 barriers
         ptxas info    : Compile time = 239.377 ms
         ptxas info    : Compiling entry function '_Z24qk_int_sv_f8_attn_kernelILj128ELj64ELj32ELj64ELj64EL8DataType1EL16QuantGranularity2ELS1_2EfLb1E6__halfL11ComputeUnit1EL8MaskMode0ELb0ELb1ELb0ELb0EEvPaS5_S5_PT9_PfS8_S8_S8_S8_jjjjjjjjjjjjjjjf' for 'sm_120a'
         ptxas info    : Function properties for _Z24qk_int_sv_f8_attn_kernelILj128ELj64ELj32ELj64ELj64EL8DataType1EL16QuantGranularity2ELS1_2EfLb1E6__halfL11ComputeUnit1EL8MaskMode0ELb0ELb1ELb0ELb0EEvPaS5_S5_PT9_PfS8_S8_S8_S8_jjjjjjjjjjjjjjjf
             0 bytes stack frame, 0 bytes spill stores, 0 bytes spill loads
         ptxas info    : Used 250 registers, used 1 barriers
         ptxas info    : Compile time = 239.311 ms
         ptxas info    : Compiling entry function '_Z24qk_int_sv_f8_attn_kernelILj128ELj64ELj32ELj64ELj64EL8DataType1EL16QuantGranularity2ELS1_2EfLb1E13__nv_bfloat16L11ComputeUnit1EL8MaskMode0ELb1ELb1ELb0ELb0EEvPaS5_S5_PT9_PfS8_S8_S8_S8_jjjjjjjjjjjjjjjf' for 'sm_120a'
         ptxas info    : Function properties for _Z24qk_int_sv_f8_attn_kernelILj128ELj64ELj32ELj64ELj64EL8DataType1EL16QuantGranularity2ELS1_2EfLb1E13__nv_bfloat16L11ComputeUnit1EL8MaskMode0ELb1ELb1ELb0ELb0EEvPaS5_S5_PT9_PfS8_S8_S8_S8_jjjjjjjjjjjjjjjf
             32 bytes stack frame, 0 bytes spill stores, 0 bytes spill loads
         ptxas info    : Used 250 registers, used 1 barriers, 32 bytes cumulative stack size
         ptxas info    : Compile time = 248.940 ms
         ptxas info    : Compiling entry function '_Z24qk_int_sv_f8_attn_kernelILj128ELj64ELj32ELj64ELj64EL8DataType1EL16QuantGranularity2ELS1_2EfLb1E6__halfL11ComputeUnit1EL8MaskMode0ELb1ELb1ELb0ELb0EEvPaS5_S5_PT9_PfS8_S8_S8_S8_jjjjjjjjjjjjjjjf' for 'sm_120a'
         ptxas info    : Function properties for _Z24qk_int_sv_f8_attn_kernelILj128ELj64ELj32ELj64ELj64EL8DataType1EL16QuantGranularity2ELS1_2EfLb1E6__halfL11ComputeUnit1EL8MaskMode0ELb1ELb1ELb0ELb0EEvPaS5_S5_PT9_PfS8_S8_S8_S8_jjjjjjjjjjjjjjjf
             32 bytes stack frame, 0 bytes spill stores, 0 bytes spill loads
         ptxas info    : Used 250 registers, used 1 barriers, 32 bytes cumulative stack size
         ptxas info    : Compile time = 248.886 ms
         ptxas info    : Compiling entry function '_Z24qk_int_sv_f8_attn_kernelILj128ELj64ELj32ELj64ELj64EL8DataType1EL16QuantGranularity3ELS1_3EfLb1E13__nv_bfloat16L11ComputeUnit1EL8MaskMode1ELb0ELb1ELb0ELb0EEvPaS5_S5_PT9_PfS8_S8_S8_S8_jjjjjjjjjjjjjjjf' for 'sm_120a'
         ptxas info    : Function properties for _Z24qk_int_sv_f8_attn_kernelILj128ELj64ELj32ELj64ELj64EL8DataType1EL16QuantGranularity3ELS1_3EfLb1E13__nv_bfloat16L11ComputeUnit1EL8MaskMode1ELb0ELb1ELb0ELb0EEvPaS5_S5_PT9_PfS8_S8_S8_S8_jjjjjjjjjjjjjjjf
             0 bytes stack frame, 0 bytes spill stores, 0 bytes spill loads
         ptxas info    : Used 252 registers, used 1 barriers
         ptxas info    : Compile time = 286.955 ms
         ptxas info    : Compiling entry function '_Z24qk_int_sv_f8_attn_kernelILj128ELj64ELj32ELj64ELj64EL8DataType1EL16QuantGranularity3ELS1_3EfLb1E6__halfL11ComputeUnit1EL8MaskMode1ELb0ELb1ELb0ELb0EEvPaS5_S5_PT9_PfS8_S8_S8_S8_jjjjjjjjjjjjjjjf' for 'sm_120a'
         ptxas info    : Function properties for _Z24qk_int_sv_f8_attn_kernelILj128ELj64ELj32ELj64ELj64EL8DataType1EL16QuantGranularity3ELS1_3EfLb1E6__halfL11ComputeUnit1EL8MaskMode1ELb0ELb1ELb0ELb0EEvPaS5_S5_PT9_PfS8_S8_S8_S8_jjjjjjjjjjjjjjjf
             0 bytes stack frame, 0 bytes spill stores, 0 bytes spill loads
         ptxas info    : Used 252 registers, used 1 barriers
         ptxas info    : Compile time = 282.783 ms
         ptxas info    : Compiling entry function '_Z24qk_int_sv_f8_attn_kernelILj128ELj64ELj32ELj64ELj64EL8DataType1EL16QuantGranularity3ELS1_3EfLb1E13__nv_bfloat16L11ComputeUnit1EL8MaskMode1ELb1ELb1ELb0ELb0EEvPaS5_S5_PT9_PfS8_S8_S8_S8_jjjjjjjjjjjjjjjf' for 'sm_120a'
         ptxas info    : Function properties for _Z24qk_int_sv_f8_attn_kernelILj128ELj64ELj32ELj64ELj64EL8DataType1EL16QuantGranularity3ELS1_3EfLb1E13__nv_bfloat16L11ComputeUnit1EL8MaskMode1ELb1ELb1ELb0ELb0EEvPaS5_S5_PT9_PfS8_S8_S8_S8_jjjjjjjjjjjjjjjf
             32 bytes stack frame, 0 bytes spill stores, 0 bytes spill loads
         ptxas info    : Used 252 registers, used 1 barriers, 32 bytes cumulative stack size
         ptxas info    : Compile time = 286.569 ms
         ptxas info    : Compiling entry function '_Z24qk_int_sv_f8_attn_kernelILj128ELj64ELj32ELj64ELj64EL8DataType1EL16QuantGranularity3ELS1_3EfLb1E6__halfL11ComputeUnit1EL8MaskMode1ELb1ELb1ELb0ELb0EEvPaS5_S5_PT9_PfS8_S8_S8_S8_jjjjjjjjjjjjjjjf' for 'sm_120a'
         ptxas info    : Function properties for _Z24qk_int_sv_f8_attn_kernelILj128ELj64ELj32ELj64ELj64EL8DataType1EL16QuantGranularity3ELS1_3EfLb1E6__halfL11ComputeUnit1EL8MaskMode1ELb1ELb1ELb0ELb0EEvPaS5_S5_PT9_PfS8_S8_S8_S8_jjjjjjjjjjjjjjjf
             32 bytes stack frame, 0 bytes spill stores, 0 bytes spill loads
         ptxas info    : Used 252 registers, used 1 barriers, 32 bytes cumulative stack size
         ptxas info    : Compile time = 282.978 ms
         ptxas info    : Compiling entry function '_Z24qk_int_sv_f8_attn_kernelILj128ELj64ELj32ELj64ELj64EL8DataType1EL16QuantGranularity2ELS1_2EfLb1E13__nv_bfloat16L11ComputeUnit1EL8MaskMode1ELb0ELb1ELb0ELb0EEvPaS5_S5_PT9_PfS8_S8_S8_S8_jjjjjjjjjjjjjjjf' for 'sm_120a'
         ptxas info    : Function properties for _Z24qk_int_sv_f8_attn_kernelILj128ELj64ELj32ELj64ELj64EL8DataType1EL16QuantGranularity2ELS1_2EfLb1E13__nv_bfloat16L11ComputeUnit1EL8MaskMode1ELb0ELb1ELb0ELb0EEvPaS5_S5_PT9_PfS8_S8_S8_S8_jjjjjjjjjjjjjjjf
             0 bytes stack frame, 0 bytes spill stores, 0 bytes spill loads
         ptxas info    : Used 252 registers, used 1 barriers
         ptxas info    : Compile time = 271.350 ms
         ptxas info    : Compiling entry function '_Z24qk_int_sv_f8_attn_kernelILj128ELj64ELj32ELj64ELj64EL8DataType1EL16QuantGranularity2ELS1_2EfLb1E6__halfL11ComputeUnit1EL8MaskMode1ELb0ELb1ELb0ELb0EEvPaS5_S5_PT9_PfS8_S8_S8_S8_jjjjjjjjjjjjjjjf' for 'sm_120a'
         ptxas info    : Function properties for _Z24qk_int_sv_f8_attn_kernelILj128ELj64ELj32ELj64ELj64EL8DataType1EL16QuantGranularity2ELS1_2EfLb1E6__halfL11ComputeUnit1EL8MaskMode1ELb0ELb1ELb0ELb0EEvPaS5_S5_PT9_PfS8_S8_S8_S8_jjjjjjjjjjjjjjjf
             0 bytes stack frame, 0 bytes spill stores, 0 bytes spill loads
         ptxas info    : Used 252 registers, used 1 barriers
         ptxas info    : Compile time = 272.609 ms
         ptxas info    : Compiling entry function '_Z24qk_int_sv_f8_attn_kernelILj128ELj64ELj32ELj64ELj64EL8DataType1EL16QuantGranularity2ELS1_2EfLb1E13__nv_bfloat16L11ComputeUnit1EL8MaskMode1ELb1ELb1ELb0ELb0EEvPaS5_S5_PT9_PfS8_S8_S8_S8_jjjjjjjjjjjjjjjf' for 'sm_120a'
         ptxas info    : Function properties for _Z24qk_int_sv_f8_attn_kernelILj128ELj64ELj32ELj64ELj64EL8DataType1EL16QuantGranularity2ELS1_2EfLb1E13__nv_bfloat16L11ComputeUnit1EL8MaskMode1ELb1ELb1ELb0ELb0EEvPaS5_S5_PT9_PfS8_S8_S8_S8_jjjjjjjjjjjjjjjf
             32 bytes stack frame, 0 bytes spill stores, 0 bytes spill loads
         ptxas info    : Used 251 registers, used 1 barriers, 32 bytes cumulative stack size
         ptxas info    : Compile time = 256.828 ms
         ptxas info    : Compiling entry function '_Z24qk_int_sv_f8_attn_kernelILj128ELj64ELj32ELj64ELj64EL8DataType1EL16QuantGranularity2ELS1_2EfLb1E6__halfL11ComputeUnit1EL8MaskMode1ELb1ELb1ELb0ELb0EEvPaS5_S5_PT9_PfS8_S8_S8_S8_jjjjjjjjjjjjjjjf' for 'sm_120a'
         ptxas info    : Function properties for _Z24qk_int_sv_f8_attn_kernelILj128ELj64ELj32ELj64ELj64EL8DataType1EL16QuantGranularity2ELS1_2EfLb1E6__halfL11ComputeUnit1EL8MaskMode1ELb1ELb1ELb0ELb0EEvPaS5_S5_PT9_PfS8_S8_S8_S8_jjjjjjjjjjjjjjjf
             32 bytes stack frame, 0 bytes spill stores, 0 bytes spill loads
         ptxas info    : Used 251 registers, used 1 barriers, 32 bytes cumulative stack size
         ptxas info    : Compile time = 257.423 ms
         [8/8] /usr/local/cuda-13.0/bin/nvcc -MD -MF /tmp/qwen-sageattention-20261005/build/temp.linux-x86_64-cpython-312/sageattention._qattn_sm89/csrc/qattn/sm89_qk_int8_sv_f8_accum_f32_fuse_v_scale_fuse_v_mean_attn.o.d -I/opt/venv/lib/python3.12/site-packages/torch/include -I/opt/venv/lib/python3.12/site-packages/torch/include/torch/csrc/api/include -I/usr/local/cuda-13.0/include -I/opt/venv/include -I/root/.local/share/uv/python/cpython-3.12.15-linux-x86_64-gnu/include/python3.12 -c -c /tmp/qwen-sageattention-20261005/csrc/qattn/sm89_qk_int8_sv_f8_accum_f32_fuse_v_scale_fuse_v_mean_attn.cu -o /tmp/qwen-sageattention-20261005/build/temp.linux-x86_64-cpython-312/sageattention._qattn_sm89/csrc/qattn/sm89_qk_int8_sv_f8_accum_f32_fuse_v_scale_fuse_v_mean_attn.o -D__CUDA_NO_HALF_OPERATORS__ -D__CUDA_NO_HALF_CONVERSIONS__ -D__CUDA_NO_BFLOAT16_CONVERSIONS__ -D__CUDA_NO_HALF2_OPERATORS__ --expt-relaxed-constexpr --compiler-options ''"'"'-fPIC'"'"'' -O3 -std=c++17 -U__CUDA_NO_HALF_OPERATORS__ -U__CUDA_NO_HALF_CONVERSIONS__ --use_fast_math --threads=8 -Xptxas=-v -diag-suppress=174 -D_GLIBCXX_USE_CXX11_ABI=1 -gencode arch=compute_120a,code=sm_120a -DTORCH_API_INCLUDE_EXTENSION_H -DTORCH_EXTENSION_NAME=_qattn_sm89
         In file included from /tmp/qwen-sageattention-20261005/csrc/qattn/qk_int_sv_f8_cuda_sm89.cuh:17,
                          from /tmp/qwen-sageattention-20261005/csrc/qattn/sm89_qk_int8_sv_f8_accum_f32_fuse_v_scale_fuse_v_mean_attn.cu:2:
         /tmp/qwen-sageattention-20261005/csrc/qattn/../utils.cuh:36:37: warning: backslash-newline at end of file
            36 | #define CHECK_LASTDIM_CONTIGUOUS(x) \
               |                                      
         In file included from /tmp/qwen-sageattention-20261005/csrc/qattn/qk_int_sv_f8_cuda_sm89.cuh:17,
                          from /tmp/qwen-sageattention-20261005/csrc/qattn/sm89_qk_int8_sv_f8_accum_f32_fuse_v_scale_fuse_v_mean_attn.cu:2:
         /tmp/qwen-sageattention-20261005/csrc/qattn/../utils.cuh:36:37: warning: backslash-newline at end of file
            36 | #define CHECK_LASTDIM_CONTIGUOUS(x) \
               |                                      
         ptxas info    : 28 bytes gmem
         ptxas info    : Compiling entry function '_Z24qk_int_sv_f8_attn_kernelILj128ELj64ELj32ELj64ELj128EL8DataType1EL16QuantGranularity3ELS1_3EfLb0E13__nv_bfloat16L11ComputeUnit1EL8MaskMode0ELb0ELb1ELb1ELb0EEvPaS5_S5_PT9_PfS8_S8_S8_S8_jjjjjjjjjjjjjjjf' for 'sm_120a'
         ptxas info    : Function properties for _Z24qk_int_sv_f8_attn_kernelILj128ELj64ELj32ELj64ELj128EL8DataType1EL16QuantGranularity3ELS1_3EfLb0E13__nv_bfloat16L11ComputeUnit1EL8MaskMode0ELb0ELb1ELb1ELb0EEvPaS5_S5_PT9_PfS8_S8_S8_S8_jjjjjjjjjjjjjjjf
             40 bytes stack frame, 36 bytes spill stores, 36 bytes spill loads
         ptxas info    : Used 255 registers, used 1 barriers, 40 bytes cumulative stack size
         ptxas info    : Compile time = 377.867 ms
         ptxas info    : Compiling entry function '_Z24qk_int_sv_f8_attn_kernelILj128ELj64ELj32ELj64ELj128EL8DataType1EL16QuantGranularity3ELS1_3EfLb0E6__halfL11ComputeUnit1EL8MaskMode0ELb0ELb1ELb1ELb0EEvPaS5_S5_PT9_PfS8_S8_S8_S8_jjjjjjjjjjjjjjjf' for 'sm_120a'
         ptxas info    : Function properties for _Z24qk_int_sv_f8_attn_kernelILj128ELj64ELj32ELj64ELj128EL8DataType1EL16QuantGranularity3ELS1_3EfLb0E6__halfL11ComputeUnit1EL8MaskMode0ELb0ELb1ELb1ELb0EEvPaS5_S5_PT9_PfS8_S8_S8_S8_jjjjjjjjjjjjjjjf
             40 bytes stack frame, 36 bytes spill stores, 36 bytes spill loads
         ptxas info    : Used 255 registers, used 1 barriers, 40 bytes cumulative stack size
         ptxas info    : Compile time = 377.065 ms
         ptxas info    : Compiling entry function '_Z24qk_int_sv_f8_attn_kernelILj128ELj64ELj32ELj64ELj128EL8DataType1EL16QuantGranularity3ELS1_3EfLb0E13__nv_bfloat16L11ComputeUnit1EL8MaskMode0ELb1ELb1ELb1ELb0EEvPaS5_S5_PT9_PfS8_S8_S8_S8_jjjjjjjjjjjjjjjf' for 'sm_120a'
         ptxas info    : Function properties for _Z24qk_int_sv_f8_attn_kernelILj128ELj64ELj32ELj64ELj128EL8DataType1EL16QuantGranularity3ELS1_3EfLb0E13__nv_bfloat16L11ComputeUnit1EL8MaskMode0ELb1ELb1ELb1ELb0EEvPaS5_S5_PT9_PfS8_S8_S8_S8_jjjjjjjjjjjjjjjf
             64 bytes stack frame, 28 bytes spill stores, 28 bytes spill loads
         ptxas info    : Used 255 registers, used 1 barriers, 64 bytes cumulative stack size
         ptxas info    : Compile time = 377.020 ms
         ptxas info    : Compiling entry function '_Z24qk_int_sv_f8_attn_kernelILj128ELj64ELj32ELj64ELj128EL8DataType1EL16QuantGranularity3ELS1_3EfLb0E6__halfL11ComputeUnit1EL8MaskMode0ELb1ELb1ELb1ELb0EEvPaS5_S5_PT9_PfS8_S8_S8_S8_jjjjjjjjjjjjjjjf' for 'sm_120a'
         ptxas info    : Function properties for _Z24qk_int_sv_f8_attn_kernelILj128ELj64ELj32ELj64ELj128EL8DataType1EL16QuantGranularity3ELS1_3EfLb0E6__halfL11ComputeUnit1EL8MaskMode0ELb1ELb1ELb1ELb0EEvPaS5_S5_PT9_PfS8_S8_S8_S8_jjjjjjjjjjjjjjjf
             64 bytes stack frame, 28 bytes spill stores, 28 bytes spill loads
         ptxas info    : Used 255 registers, used 1 barriers, 64 bytes cumulative stack size
         ptxas info    : Compile time = 384.437 ms
         ptxas info    : Compiling entry function '_Z24qk_int_sv_f8_attn_kernelILj128ELj64ELj32ELj64ELj128EL8DataType1EL16QuantGranularity2ELS1_2EfLb0E13__nv_bfloat16L11ComputeUnit1EL8MaskMode0ELb0ELb1ELb1ELb0EEvPaS5_S5_PT9_PfS8_S8_S8_S8_jjjjjjjjjjjjjjjf' for 'sm_120a'
         ptxas info    : Function properties for _Z24qk_int_sv_f8_attn_kernelILj128ELj64ELj32ELj64ELj128EL8DataType1EL16QuantGranularity2ELS1_2EfLb0E13__nv_bfloat16L11ComputeUnit1EL8MaskMode0ELb0ELb1ELb1ELb0EEvPaS5_S5_PT9_PfS8_S8_S8_S8_jjjjjjjjjjjjjjjf
             16 bytes stack frame, 12 bytes spill stores, 12 bytes spill loads
         ptxas info    : Used 255 registers, used 1 barriers, 16 bytes cumulative stack size
         ptxas info    : Compile time = 374.604 ms
         ptxas info    : Compiling entry function '_Z24qk_int_sv_f8_attn_kernelILj128ELj64ELj32ELj64ELj128EL8DataType1EL16QuantGranularity2ELS1_2EfLb0E6__halfL11ComputeUnit1EL8MaskMode0ELb0ELb1ELb1ELb0EEvPaS5_S5_PT9_PfS8_S8_S8_S8_jjjjjjjjjjjjjjjf' for 'sm_120a'
         ptxas info    : Function properties for _Z24qk_int_sv_f8_attn_kernelILj128ELj64ELj32ELj64ELj128EL8DataType1EL16QuantGranularity2ELS1_2EfLb0E6__halfL11ComputeUnit1EL8MaskMode0ELb0ELb1ELb1ELb0EEvPaS5_S5_PT9_PfS8_S8_S8_S8_jjjjjjjjjjjjjjjf
             16 bytes stack frame, 12 bytes spill stores, 12 bytes spill loads
         ptxas info    : Used 255 registers, used 1 barriers, 16 bytes cumulative stack size
         ptxas info    : Compile time = 372.030 ms
         ptxas info    : Compiling entry function '_Z24qk_int_sv_f8_attn_kernelILj128ELj64ELj32ELj64ELj128EL8DataType1EL16QuantGranularity2ELS1_2EfLb0E13__nv_bfloat16L11ComputeUnit1EL8MaskMode0ELb1ELb1ELb1ELb0EEvPaS5_S5_PT9_PfS8_S8_S8_S8_jjjjjjjjjjjjjjjf' for 'sm_120a'
         ptxas info    : Function properties for _Z24qk_int_sv_f8_attn_kernelILj128ELj64ELj32ELj64ELj128EL8DataType1EL16QuantGranularity2ELS1_2EfLb0E13__nv_bfloat16L11ComputeUnit1EL8MaskMode0ELb1ELb1ELb1ELb0EEvPaS5_S5_PT9_PfS8_S8_S8_S8_jjjjjjjjjjjjjjjf
             48 bytes stack frame, 8 bytes spill stores, 8 bytes spill loads
         ptxas info    : Used 255 registers, used 1 barriers, 48 bytes cumulative stack size
         ptxas info    : Compile time = 371.832 ms
         ptxas info    : Compiling entry function '_Z24qk_int_sv_f8_attn_kernelILj128ELj64ELj32ELj64ELj128EL8DataType1EL16QuantGranularity2ELS1_2EfLb0E6__halfL11ComputeUnit1EL8MaskMode0ELb1ELb1ELb1ELb0EEvPaS5_S5_PT9_PfS8_S8_S8_S8_jjjjjjjjjjjjjjjf' for 'sm_120a'
         ptxas info    : Function properties for _Z24qk_int_sv_f8_attn_kernelILj128ELj64ELj32ELj64ELj128EL8DataType1EL16QuantGranularity2ELS1_2EfLb0E6__halfL11ComputeUnit1EL8MaskMode0ELb1ELb1ELb1ELb0EEvPaS5_S5_PT9_PfS8_S8_S8_S8_jjjjjjjjjjjjjjjf
             48 bytes stack frame, 8 bytes spill stores, 8 bytes spill loads
         ptxas info    : Used 255 registers, used 1 barriers, 48 bytes cumulative stack size
         ptxas info    : Compile time = 382.349 ms
         ptxas info    : Compiling entry function '_Z24qk_int_sv_f8_attn_kernelILj128ELj64ELj32ELj64ELj128EL8DataType1EL16QuantGranularity3ELS1_3EfLb0E13__nv_bfloat16L11ComputeUnit1EL8MaskMode1ELb0ELb1ELb1ELb0EEvPaS5_S5_PT9_PfS8_S8_S8_S8_jjjjjjjjjjjjjjjf' for 'sm_120a'
         ptxas info    : Function properties for _Z24qk_int_sv_f8_attn_kernelILj128ELj64ELj32ELj64ELj128EL8DataType1EL16QuantGranularity3ELS1_3EfLb0E13__nv_bfloat16L11ComputeUnit1EL8MaskMode1ELb0ELb1ELb1ELb0EEvPaS5_S5_PT9_PfS8_S8_S8_S8_jjjjjjjjjjjjjjjf
             32 bytes stack frame, 28 bytes spill stores, 28 bytes spill loads
         ptxas info    : Used 255 registers, used 1 barriers, 32 bytes cumulative stack size
         ptxas info    : Compile time = 387.836 ms
         ptxas info    : Compiling entry function '_Z24qk_int_sv_f8_attn_kernelILj128ELj64ELj32ELj64ELj128EL8DataType1EL16QuantGranularity3ELS1_3EfLb0E6__halfL11ComputeUnit1EL8MaskMode1ELb0ELb1ELb1ELb0EEvPaS5_S5_PT9_PfS8_S8_S8_S8_jjjjjjjjjjjjjjjf' for 'sm_120a'
         ptxas info    : Function properties for _Z24qk_int_sv_f8_attn_kernelILj128ELj64ELj32ELj64ELj128EL8DataType1EL16QuantGranularity3ELS1_3EfLb0E6__halfL11ComputeUnit1EL8MaskMode1ELb0ELb1ELb1ELb0EEvPaS5_S5_PT9_PfS8_S8_S8_S8_jjjjjjjjjjjjjjjf
             32 bytes stack frame, 28 bytes spill stores, 28 bytes spill loads
         ptxas info    : Used 255 registers, used 1 barriers, 32 bytes cumulative stack size
         ptxas info    : Compile time = 387.131 ms
         ptxas info    : Compiling entry function '_Z24qk_int_sv_f8_attn_kernelILj128ELj64ELj32ELj64ELj128EL8DataType1EL16QuantGranularity3ELS1_3EfLb0E13__nv_bfloat16L11ComputeUnit1EL8MaskMode1ELb1ELb1ELb1ELb0EEvPaS5_S5_PT9_PfS8_S8_S8_S8_jjjjjjjjjjjjjjjf' for 'sm_120a'
         ptxas info    : Function properties for _Z24qk_int_sv_f8_attn_kernelILj128ELj64ELj32ELj64ELj128EL8DataType1EL16QuantGranularity3ELS1_3EfLb0E13__nv_bfloat16L11ComputeUnit1EL8MaskMode1ELb1ELb1ELb1ELb0EEvPaS5_S5_PT9_PfS8_S8_S8_S8_jjjjjjjjjjjjjjjf
             32 bytes stack frame, 0 bytes spill stores, 0 bytes spill loads
         ptxas info    : Used 255 registers, used 1 barriers, 32 bytes cumulative stack size
         ptxas info    : Compile time = 393.811 ms
         ptxas info    : Compiling entry function '_Z24qk_int_sv_f8_attn_kernelILj128ELj64ELj32ELj64ELj128EL8DataType1EL16QuantGranularity3ELS1_3EfLb0E6__halfL11ComputeUnit1EL8MaskMode1ELb1ELb1ELb1ELb0EEvPaS5_S5_PT9_PfS8_S8_S8_S8_jjjjjjjjjjjjjjjf' for 'sm_120a'
         ptxas info    : Function properties for _Z24qk_int_sv_f8_attn_kernelILj128ELj64ELj32ELj64ELj128EL8DataType1EL16QuantGranularity3ELS1_3EfLb0E6__halfL11ComputeUnit1EL8MaskMode1ELb1ELb1ELb1ELb0EEvPaS5_S5_PT9_PfS8_S8_S8_S8_jjjjjjjjjjjjjjjf
             32 bytes stack frame, 0 bytes spill stores, 0 bytes spill loads
         ptxas info    : Used 255 registers, used 1 barriers, 32 bytes cumulative stack size
         ptxas info    : Compile time = 386.953 ms
         ptxas info    : Compiling entry function '_Z24qk_int_sv_f8_attn_kernelILj128ELj64ELj32ELj64ELj128EL8DataType1EL16QuantGranularity2ELS1_2EfLb0E13__nv_bfloat16L11ComputeUnit1EL8MaskMode1ELb0ELb1ELb1ELb0EEvPaS5_S5_PT9_PfS8_S8_S8_S8_jjjjjjjjjjjjjjjf' for 'sm_120a'
         ptxas info    : Function properties for _Z24qk_int_sv_f8_attn_kernelILj128ELj64ELj32ELj64ELj128EL8DataType1EL16QuantGranularity2ELS1_2EfLb0E13__nv_bfloat16L11ComputeUnit1EL8MaskMode1ELb0ELb1ELb1ELb0EEvPaS5_S5_PT9_PfS8_S8_S8_S8_jjjjjjjjjjjjjjjf
             8 bytes stack frame, 8 bytes spill stores, 8 bytes spill loads
         ptxas info    : Used 255 registers, used 1 barriers, 8 bytes cumulative stack size
         ptxas info    : Compile time = 382.661 ms
         ptxas info    : Compiling entry function '_Z24qk_int_sv_f8_attn_kernelILj128ELj64ELj32ELj64ELj128EL8DataType1EL16QuantGranularity2ELS1_2EfLb0E6__halfL11ComputeUnit1EL8MaskMode1ELb0ELb1ELb1ELb0EEvPaS5_S5_PT9_PfS8_S8_S8_S8_jjjjjjjjjjjjjjjf' for 'sm_120a'
         ptxas info    : Function properties for _Z24qk_int_sv_f8_attn_kernelILj128ELj64ELj32ELj64ELj128EL8DataType1EL16QuantGranularity2ELS1_2EfLb0E6__halfL11ComputeUnit1EL8MaskMode1ELb0ELb1ELb1ELb0EEvPaS5_S5_PT9_PfS8_S8_S8_S8_jjjjjjjjjjjjjjjf
             8 bytes stack frame, 8 bytes spill stores, 8 bytes spill loads
         ptxas info    : Used 255 registers, used 1 barriers, 8 bytes cumulative stack size
         ptxas info    : Compile time = 376.377 ms
         ptxas info    : Compiling entry function '_Z24qk_int_sv_f8_attn_kernelILj128ELj64ELj32ELj64ELj128EL8DataType1EL16QuantGranularity2ELS1_2EfLb0E13__nv_bfloat16L11ComputeUnit1EL8MaskMode1ELb1ELb1ELb1ELb0EEvPaS5_S5_PT9_PfS8_S8_S8_S8_jjjjjjjjjjjjjjjf' for 'sm_120a'
         ptxas info    : Function properties for _Z24qk_int_sv_f8_attn_kernelILj128ELj64ELj32ELj64ELj128EL8DataType1EL16QuantGranularity2ELS1_2EfLb0E13__nv_bfloat16L11ComputeUnit1EL8MaskMode1ELb1ELb1ELb1ELb0EEvPaS5_S5_PT9_PfS8_S8_S8_S8_jjjjjjjjjjjjjjjf
             48 bytes stack frame, 4 bytes spill stores, 4 bytes spill loads
         ptxas info    : Used 255 registers, used 1 barriers, 48 bytes cumulative stack size
         ptxas info    : Compile time = 397.918 ms
         ptxas info    : Compiling entry function '_Z24qk_int_sv_f8_attn_kernelILj128ELj64ELj32ELj64ELj128EL8DataType1EL16QuantGranularity2ELS1_2EfLb0E6__halfL11ComputeUnit1EL8MaskMode1ELb1ELb1ELb1ELb0EEvPaS5_S5_PT9_PfS8_S8_S8_S8_jjjjjjjjjjjjjjjf' for 'sm_120a'
         ptxas info    : Function properties for _Z24qk_int_sv_f8_attn_kernelILj128ELj64ELj32ELj64ELj128EL8DataType1EL16QuantGranularity2ELS1_2EfLb0E6__halfL11ComputeUnit1EL8MaskMode1ELb1ELb1ELb1ELb0EEvPaS5_S5_PT9_PfS8_S8_S8_S8_jjjjjjjjjjjjjjjf
             48 bytes stack frame, 4 bytes spill stores, 4 bytes spill loads
         ptxas info    : Used 255 registers, used 1 barriers, 48 bytes cumulative stack size
         ptxas info    : Compile time = 400.249 ms
         ptxas info    : Compiling entry function '_Z24qk_int_sv_f8_attn_kernelILj128ELj64ELj32ELj64ELj64EL8DataType1EL16QuantGranularity3ELS1_3EfLb0E13__nv_bfloat16L11ComputeUnit1EL8MaskMode0ELb0ELb1ELb1ELb0EEvPaS5_S5_PT9_PfS8_S8_S8_S8_jjjjjjjjjjjjjjjf' for 'sm_120a'
         ptxas info    : Function properties for _Z24qk_int_sv_f8_attn_kernelILj128ELj64ELj32ELj64ELj64EL8DataType1EL16QuantGranularity3ELS1_3EfLb0E13__nv_bfloat16L11ComputeUnit1EL8MaskMode0ELb0ELb1ELb1ELb0EEvPaS5_S5_PT9_PfS8_S8_S8_S8_jjjjjjjjjjjjjjjf
             0 bytes stack frame, 0 bytes spill stores, 0 bytes spill loads
         ptxas info    : Used 211 registers, used 1 barriers
         ptxas info    : Compile time = 167.432 ms
         ptxas info    : Compiling entry function '_Z24qk_int_sv_f8_attn_kernelILj128ELj64ELj32ELj64ELj64EL8DataType1EL16QuantGranularity3ELS1_3EfLb0E6__halfL11ComputeUnit1EL8MaskMode0ELb0ELb1ELb1ELb0EEvPaS5_S5_PT9_PfS8_S8_S8_S8_jjjjjjjjjjjjjjjf' for 'sm_120a'
         ptxas info    : Function properties for _Z24qk_int_sv_f8_attn_kernelILj128ELj64ELj32ELj64ELj64EL8DataType1EL16QuantGranularity3ELS1_3EfLb0E6__halfL11ComputeUnit1EL8MaskMode0ELb0ELb1ELb1ELb0EEvPaS5_S5_PT9_PfS8_S8_S8_S8_jjjjjjjjjjjjjjjf
             0 bytes stack frame, 0 bytes spill stores, 0 bytes spill loads
         ptxas info    : Used 211 registers, used 1 barriers
         ptxas info    : Compile time = 169.738 ms
         ptxas info    : Compiling entry function '_Z24qk_int_sv_f8_attn_kernelILj128ELj64ELj32ELj64ELj64EL8DataType1EL16QuantGranularity3ELS1_3EfLb0E13__nv_bfloat16L11ComputeUnit1EL8MaskMode0ELb1ELb1ELb1ELb0EEvPaS5_S5_PT9_PfS8_S8_S8_S8_jjjjjjjjjjjjjjjf' for 'sm_120a'
         ptxas info    : Function properties for _Z24qk_int_sv_f8_attn_kernelILj128ELj64ELj32ELj64ELj64EL8DataType1EL16QuantGranularity3ELS1_3EfLb0E13__nv_bfloat16L11ComputeUnit1EL8MaskMode0ELb1ELb1ELb1ELb0EEvPaS5_S5_PT9_PfS8_S8_S8_S8_jjjjjjjjjjjjjjjf
             32 bytes stack frame, 0 bytes spill stores, 0 bytes spill loads
         ptxas info    : Used 208 registers, used 1 barriers, 32 bytes cumulative stack size
         ptxas info    : Compile time = 172.942 ms
         ptxas info    : Compiling entry function '_Z24qk_int_sv_f8_attn_kernelILj128ELj64ELj32ELj64ELj64EL8DataType1EL16QuantGranularity3ELS1_3EfLb0E6__halfL11ComputeUnit1EL8MaskMode0ELb1ELb1ELb1ELb0EEvPaS5_S5_PT9_PfS8_S8_S8_S8_jjjjjjjjjjjjjjjf' for 'sm_120a'
         ptxas info    : Function properties for _Z24qk_int_sv_f8_attn_kernelILj128ELj64ELj32ELj64ELj64EL8DataType1EL16QuantGranularity3ELS1_3EfLb0E6__halfL11ComputeUnit1EL8MaskMode0ELb1ELb1ELb1ELb0EEvPaS5_S5_PT9_PfS8_S8_S8_S8_jjjjjjjjjjjjjjjf
             32 bytes stack frame, 0 bytes spill stores, 0 bytes spill loads
         ptxas info    : Used 208 registers, used 1 barriers, 32 bytes cumulative stack size
         ptxas info    : Compile time = 170.433 ms
         ptxas info    : Compiling entry function '_Z24qk_int_sv_f8_attn_kernelILj128ELj64ELj32ELj64ELj64EL8DataType1EL16QuantGranularity2ELS1_2EfLb0E13__nv_bfloat16L11ComputeUnit1EL8MaskMode0ELb0ELb1ELb1ELb0EEvPaS5_S5_PT9_PfS8_S8_S8_S8_jjjjjjjjjjjjjjjf' for 'sm_120a'
         ptxas info    : Function properties for _Z24qk_int_sv_f8_attn_kernelILj128ELj64ELj32ELj64ELj64EL8DataType1EL16QuantGranularity2ELS1_2EfLb0E13__nv_bfloat16L11ComputeUnit1EL8MaskMode0ELb0ELb1ELb1ELb0EEvPaS5_S5_PT9_PfS8_S8_S8_S8_jjjjjjjjjjjjjjjf
             0 bytes stack frame, 0 bytes spill stores, 0 bytes spill loads
         ptxas info    : Used 208 registers, used 1 barriers
         ptxas info    : Compile time = 168.882 ms
         ptxas info    : Compiling entry function '_Z24qk_int_sv_f8_attn_kernelILj128ELj64ELj32ELj64ELj64EL8DataType1EL16QuantGranularity2ELS1_2EfLb0E6__halfL11ComputeUnit1EL8MaskMode0ELb0ELb1ELb1ELb0EEvPaS5_S5_PT9_PfS8_S8_S8_S8_jjjjjjjjjjjjjjjf' for 'sm_120a'
         ptxas info    : Function properties for _Z24qk_int_sv_f8_attn_kernelILj128ELj64ELj32ELj64ELj64EL8DataType1EL16QuantGranularity2ELS1_2EfLb0E6__halfL11ComputeUnit1EL8MaskMode0ELb0ELb1ELb1ELb0EEvPaS5_S5_PT9_PfS8_S8_S8_S8_jjjjjjjjjjjjjjjf
             0 bytes stack frame, 0 bytes spill stores, 0 bytes spill loads
         ptxas info    : Used 208 registers, used 1 barriers
         ptxas info    : Compile time = 167.363 ms
         ptxas info    : Compiling entry function '_Z24qk_int_sv_f8_attn_kernelILj128ELj64ELj32ELj64ELj64EL8DataType1EL16QuantGranularity2ELS1_2EfLb0E13__nv_bfloat16L11ComputeUnit1EL8MaskMode0ELb1ELb1ELb1ELb0EEvPaS5_S5_PT9_PfS8_S8_S8_S8_jjjjjjjjjjjjjjjf' for 'sm_120a'
         ptxas info    : Function properties for _Z24qk_int_sv_f8_attn_kernelILj128ELj64ELj32ELj64ELj64EL8DataType1EL16QuantGranularity2ELS1_2EfLb0E13__nv_bfloat16L11ComputeUnit1EL8MaskMode0ELb1ELb1ELb1ELb0EEvPaS5_S5_PT9_PfS8_S8_S8_S8_jjjjjjjjjjjjjjjf
             32 bytes stack frame, 0 bytes spill stores, 0 bytes spill loads
         ptxas info    : Used 208 registers, used 1 barriers, 32 bytes cumulative stack size
         ptxas info    : Compile time = 172.263 ms
         ptxas info    : Compiling entry function '_Z24qk_int_sv_f8_attn_kernelILj128ELj64ELj32ELj64ELj64EL8DataType1EL16QuantGranularity2ELS1_2EfLb0E6__halfL11ComputeUnit1EL8MaskMode0ELb1ELb1ELb1ELb0EEvPaS5_S5_PT9_PfS8_S8_S8_S8_jjjjjjjjjjjjjjjf' for 'sm_120a'
         ptxas info    : Function properties for _Z24qk_int_sv_f8_attn_kernelILj128ELj64ELj32ELj64ELj64EL8DataType1EL16QuantGranularity2ELS1_2EfLb0E6__halfL11ComputeUnit1EL8MaskMode0ELb1ELb1ELb1ELb0EEvPaS5_S5_PT9_PfS8_S8_S8_S8_jjjjjjjjjjjjjjjf
             32 bytes stack frame, 0 bytes spill stores, 0 bytes spill loads
         ptxas info    : Used 208 registers, used 1 barriers, 32 bytes cumulative stack size
         ptxas info    : Compile time = 171.737 ms
         ptxas info    : Compiling entry function '_Z24qk_int_sv_f8_attn_kernelILj128ELj64ELj32ELj64ELj64EL8DataType1EL16QuantGranularity3ELS1_3EfLb0E13__nv_bfloat16L11ComputeUnit1EL8MaskMode1ELb0ELb1ELb1ELb0EEvPaS5_S5_PT9_PfS8_S8_S8_S8_jjjjjjjjjjjjjjjf' for 'sm_120a'
         ptxas info    : Function properties for _Z24qk_int_sv_f8_attn_kernelILj128ELj64ELj32ELj64ELj64EL8DataType1EL16QuantGranularity3ELS1_3EfLb0E13__nv_bfloat16L11ComputeUnit1EL8MaskMode1ELb0ELb1ELb1ELb0EEvPaS5_S5_PT9_PfS8_S8_S8_S8_jjjjjjjjjjjjjjjf
             0 bytes stack frame, 0 bytes spill stores, 0 bytes spill loads
         ptxas info    : Used 214 registers, used 1 barriers
         ptxas info    : Compile time = 183.822 ms
         ptxas info    : Compiling entry function '_Z24qk_int_sv_f8_attn_kernelILj128ELj64ELj32ELj64ELj64EL8DataType1EL16QuantGranularity3ELS1_3EfLb0E6__halfL11ComputeUnit1EL8MaskMode1ELb0ELb1ELb1ELb0EEvPaS5_S5_PT9_PfS8_S8_S8_S8_jjjjjjjjjjjjjjjf' for 'sm_120a'
         ptxas info    : Function properties for _Z24qk_int_sv_f8_attn_kernelILj128ELj64ELj32ELj64ELj64EL8DataType1EL16QuantGranularity3ELS1_3EfLb0E6__halfL11ComputeUnit1EL8MaskMode1ELb0ELb1ELb1ELb0EEvPaS5_S5_PT9_PfS8_S8_S8_S8_jjjjjjjjjjjjjjjf
             0 bytes stack frame, 0 bytes spill stores, 0 bytes spill loads
         ptxas info    : Used 214 registers, used 1 barriers
         ptxas info    : Compile time = 177.347 ms
         ptxas info    : Compiling entry function '_Z24qk_int_sv_f8_attn_kernelILj128ELj64ELj32ELj64ELj64EL8DataType1EL16QuantGranularity3ELS1_3EfLb0E13__nv_bfloat16L11ComputeUnit1EL8MaskMode1ELb1ELb1ELb1ELb0EEvPaS5_S5_PT9_PfS8_S8_S8_S8_jjjjjjjjjjjjjjjf' for 'sm_120a'
         ptxas info    : Function properties for _Z24qk_int_sv_f8_attn_kernelILj128ELj64ELj32ELj64ELj64EL8DataType1EL16QuantGranularity3ELS1_3EfLb0E13__nv_bfloat16L11ComputeUnit1EL8MaskMode1ELb1ELb1ELb1ELb0EEvPaS5_S5_PT9_PfS8_S8_S8_S8_jjjjjjjjjjjjjjjf
             32 bytes stack frame, 0 bytes spill stores, 0 bytes spill loads
         ptxas info    : Used 226 registers, used 1 barriers, 32 bytes cumulative stack size
         ptxas info    : Compile time = 184.797 ms
         ptxas info    : Compiling entry function '_Z24qk_int_sv_f8_attn_kernelILj128ELj64ELj32ELj64ELj64EL8DataType1EL16QuantGranularity3ELS1_3EfLb0E6__halfL11ComputeUnit1EL8MaskMode1ELb1ELb1ELb1ELb0EEvPaS5_S5_PT9_PfS8_S8_S8_S8_jjjjjjjjjjjjjjjf' for 'sm_120a'
         ptxas info    : Function properties for _Z24qk_int_sv_f8_attn_kernelILj128ELj64ELj32ELj64ELj64EL8DataType1EL16QuantGranularity3ELS1_3EfLb0E6__halfL11ComputeUnit1EL8MaskMode1ELb1ELb1ELb1ELb0EEvPaS5_S5_PT9_PfS8_S8_S8_S8_jjjjjjjjjjjjjjjf
             32 bytes stack frame, 0 bytes spill stores, 0 bytes spill loads
         ptxas info    : Used 226 registers, used 1 barriers, 32 bytes cumulative stack size
         ptxas info    : Compile time = 191.557 ms
         ptxas info    : Compiling entry function '_Z24qk_int_sv_f8_attn_kernelILj128ELj64ELj32ELj64ELj64EL8DataType1EL16QuantGranularity2ELS1_2EfLb0E13__nv_bfloat16L11ComputeUnit1EL8MaskMode1ELb0ELb1ELb1ELb0EEvPaS5_S5_PT9_PfS8_S8_S8_S8_jjjjjjjjjjjjjjjf' for 'sm_120a'
         ptxas info    : Function properties for _Z24qk_int_sv_f8_attn_kernelILj128ELj64ELj32ELj64ELj64EL8DataType1EL16QuantGranularity2ELS1_2EfLb0E13__nv_bfloat16L11ComputeUnit1EL8MaskMode1ELb0ELb1ELb1ELb0EEvPaS5_S5_PT9_PfS8_S8_S8_S8_jjjjjjjjjjjjjjjf
             0 bytes stack frame, 0 bytes spill stores, 0 bytes spill loads
         ptxas info    : Used 213 registers, used 1 barriers
         ptxas info    : Compile time = 181.733 ms
         ptxas info    : Compiling entry function '_Z24qk_int_sv_f8_attn_kernelILj128ELj64ELj32ELj64ELj64EL8DataType1EL16QuantGranularity2ELS1_2EfLb0E6__halfL11ComputeUnit1EL8MaskMode1ELb0ELb1ELb1ELb0EEvPaS5_S5_PT9_PfS8_S8_S8_S8_jjjjjjjjjjjjjjjf' for 'sm_120a'
         ptxas info    : Function properties for _Z24qk_int_sv_f8_attn_kernelILj128ELj64ELj32ELj64ELj64EL8DataType1EL16QuantGranularity2ELS1_2EfLb0E6__halfL11ComputeUnit1EL8MaskMode1ELb0ELb1ELb1ELb0EEvPaS5_S5_PT9_PfS8_S8_S8_S8_jjjjjjjjjjjjjjjf
             0 bytes stack frame, 0 bytes spill stores, 0 bytes spill loads
         ptxas info    : Used 213 registers, used 1 barriers
         ptxas info    : Compile time = 179.453 ms
         ptxas info    : Compiling entry function '_Z24qk_int_sv_f8_attn_kernelILj128ELj64ELj32ELj64ELj64EL8DataType1EL16QuantGranularity2ELS1_2EfLb0E13__nv_bfloat16L11ComputeUnit1EL8MaskMode1ELb1ELb1ELb1ELb0EEvPaS5_S5_PT9_PfS8_S8_S8_S8_jjjjjjjjjjjjjjjf' for 'sm_120a'
         ptxas info    : Function properties for _Z24qk_int_sv_f8_attn_kernelILj128ELj64ELj32ELj64ELj64EL8DataType1EL16QuantGranularity2ELS1_2EfLb0E13__nv_bfloat16L11ComputeUnit1EL8MaskMode1ELb1ELb1ELb1ELb0EEvPaS5_S5_PT9_PfS8_S8_S8_S8_jjjjjjjjjjjjjjjf
             32 bytes stack frame, 0 bytes spill stores, 0 bytes spill loads
         ptxas info    : Used 226 registers, used 1 barriers, 32 bytes cumulative stack size
         ptxas info    : Compile time = 178.422 ms
         ptxas info    : Compiling entry function '_Z24qk_int_sv_f8_attn_kernelILj128ELj64ELj32ELj64ELj64EL8DataType1EL16QuantGranularity2ELS1_2EfLb0E6__halfL11ComputeUnit1EL8MaskMode1ELb1ELb1ELb1ELb0EEvPaS5_S5_PT9_PfS8_S8_S8_S8_jjjjjjjjjjjjjjjf' for 'sm_120a'
         ptxas info    : Function properties for _Z24qk_int_sv_f8_attn_kernelILj128ELj64ELj32ELj64ELj64EL8DataType1EL16QuantGranularity2ELS1_2EfLb0E6__halfL11ComputeUnit1EL8MaskMode1ELb1ELb1ELb1ELb0EEvPaS5_S5_PT9_PfS8_S8_S8_S8_jjjjjjjjjjjjjjjf
             32 bytes stack frame, 0 bytes spill stores, 0 bytes spill loads
         ptxas info    : Used 226 registers, used 1 barriers, 32 bytes cumulative stack size
         ptxas info    : Compile time = 177.232 ms
         c++ -pthread -fno-strict-overflow -Wsign-compare -Wunreachable-code -DNDEBUG -g -O3 -Wall -O3 -fstack-protector -fstack-clash-protection -U_FORTIFY_SOURCE -D_FORTIFY_SOURCE=2 -fno-omit-frame-pointer -mno-omit-leaf-frame-pointer -fPIC -shared -Wl,-z,noexecstack -Wl,-z,relro -Wl,-z,now -Wl,--build-id=sha1 -Wl,--exclude-libs,ALL /tmp/qwen-sageattention-20261005/build/temp.linux-x86_64-cpython-312/sageattention._qattn_sm89/csrc/qattn/pybind_sm89.o /tmp/qwen-sageattention-20261005/build/temp.linux-x86_64-cpython-312/sageattention._qattn_sm89/csrc/qattn/sm89_qk_int8_sv_f8_accum_f16_attn_inst_buf.o /tmp/qwen-sageattention-20261005/build/temp.linux-x86_64-cpython-312/sageattention._qattn_sm89/csrc/qattn/sm89_qk_int8_sv_f8_accum_f16_fuse_v_scale_attn_inst_buf.o /tmp/qwen-sageattention-20261005/build/temp.linux-x86_64-cpython-312/sageattention._qattn_sm89/csrc/qattn/sm89_qk_int8_sv_f8_accum_f32_attn.o /tmp/qwen-sageattention-20261005/build/temp.linux-x86_64-cpython-312/sageattention._qattn_sm89/csrc/qattn/sm89_qk_int8_sv_f8_accum_f32_attn_inst_buf.o /tmp/qwen-sageattention-20261005/build/temp.linux-x86_64-cpython-312/sageattention._qattn_sm89/csrc/qattn/sm89_qk_int8_sv_f8_accum_f32_fuse_v_scale_attn.o /tmp/qwen-sageattention-20261005/build/temp.linux-x86_64-cpython-312/sageattention._qattn_sm89/csrc/qattn/sm89_qk_int8_sv_f8_accum_f32_fuse_v_scale_attn_inst_buf.o /tmp/qwen-sageattention-20261005/build/temp.linux-x86_64-cpython-312/sageattention._qattn_sm89/csrc/qattn/sm89_qk_int8_sv_f8_accum_f32_fuse_v_scale_fuse_v_mean_attn.o -L/opt/venv/lib/python3.12/site-packages/torch/lib -L/usr/local/cuda-13.0/lib64 -L/root/.local/share/uv/python/cpython-3.12.15-linux-x86_64-gnu/lib -lc10 -ltorch -ltorch_cpu -ltorch_python -lcudart -lc10_cuda -ltorch_cuda -o build/lib.linux-x86_64-cpython-312/sageattention/_qattn_sm89.cpython-312-x86_64-linux-gnu.so
         [2/2] c++ -MMD -MF /tmp/qwen-sageattention-20261005/build/temp.linux-x86_64-cpython-312/sageattention._fused/csrc/fused/pybind.o.d -pthread -fno-strict-overflow -Wsign-compare -Wunreachable-code -DNDEBUG -g -O3 -Wall -O3 -fstack-protector -fstack-clash-protection -U_FORTIFY_SOURCE -D_FORTIFY_SOURCE=2 -fno-omit-frame-pointer -mno-omit-leaf-frame-pointer -fPIC -fPIC -I/opt/venv/lib/python3.12/site-packages/torch/include -I/opt/venv/lib/python3.12/site-packages/torch/include/torch/csrc/api/include -I/usr/local/cuda-13.0/include -I/opt/venv/include -I/root/.local/share/uv/python/cpython-3.12.15-linux-x86_64-gnu/include/python3.12 -c -c /tmp/qwen-sageattention-20261005/csrc/fused/pybind.cpp -o /tmp/qwen-sageattention-20261005/build/temp.linux-x86_64-cpython-312/sageattention._fused/csrc/fused/pybind.o -g -O3 -fopenmp -lgomp -std=c++17 -DENABLE_BF16 -D_GLIBCXX_USE_CXX11_ABI=1 -DTORCH_API_INCLUDE_EXTENSION_H -DTORCH_EXTENSION_NAME=_fused
         ninja: build stopped: subcommand failed.

         [stderr]
         Traceback (most recent call last):
           File "/opt/venv/lib/python3.12/site-packages/torch/utils/cpp_extension.py", line 2782, in _run_ninja_build
             subprocess.run(
           File "/root/.local/share/uv/python/cpython-3.12.15-linux-x86_64-gnu/lib/python3.12/subprocess.py", line 571, in run
             raise CalledProcessError(retcode, process.args,
         subprocess.CalledProcessError: Command '['ninja', '-v', '-j', '4']' returned non-zero exit status 1.

         The above exception was the direct cause of the following exception:

         Traceback (most recent call last):
           File "<string>", line 11, in <module>
           File "/opt/venv/lib/python3.12/site-packages/setuptools/build_meta.py", line 441, in build_wheel
             return _build(['bdist_wheel', '--dist-info-dir', str(metadata_directory)])
                    ^^^^^^^^^^^^^^^^^^^^^^^^^^^^^^^^^^^^^^^^^^^^^^^^^^^^^^^^^^^^^^^^^^^
           File "/opt/venv/lib/python3.12/site-packages/setuptools/build_meta.py", line 429, in _build
             return self._build_with_temp_dir(
                    ^^^^^^^^^^^^^^^^^^^^^^^^^^
           File "/opt/venv/lib/python3.12/site-packages/setuptools/build_meta.py", line 410, in _build_with_temp_dir
             self.run_setup()
           File "/opt/venv/lib/python3.12/site-packages/setuptools/build_meta.py", line 317, in run_setup
             exec(code, locals())
           File "<string>", line 268, in <module>
           File "/opt/venv/lib/python3.12/site-packages/setuptools/__init__.py", line 117, in setup
             return distutils.core.setup(**attrs)  # type: ignore[return-value]
                    ^^^^^^^^^^^^^^^^^^^^^^^^^^^^^
           File "/opt/venv/lib/python3.12/site-packages/setuptools/_distutils/core.py", line 186, in setup
             return run_commands(dist)
                    ^^^^^^^^^^^^^^^^^^
           File "/opt/venv/lib/python3.12/site-packages/setuptools/_distutils/core.py", line 202, in run_commands
             dist.run_commands()
           File "/opt/venv/lib/python3.12/site-packages/setuptools/_distutils/dist.py", line 1000, in run_commands
             self.run_command(cmd)
           File "/opt/venv/lib/python3.12/site-packages/setuptools/dist.py", line 1107, in run_command
             super().run_command(command)
           File "/opt/venv/lib/python3.12/site-packages/setuptools/_distutils/dist.py", line 1019, in run_command
             cmd_obj.run()
           File "/opt/venv/lib/python3.12/site-packages/setuptools/command/bdist_wheel.py", line 370, in run
             self.run_command("build")
           File "/opt/venv/lib/python3.12/site-packages/setuptools/_distutils/cmd.py", line 341, in run_command
             self.distribution.run_command(command)
           File "/opt/venv/lib/python3.12/site-packages/setuptools/dist.py", line 1107, in run_command
             super().run_command(command)
           File "/opt/venv/lib/python3.12/site-packages/setuptools/_distutils/dist.py", line 1019, in run_command
             cmd_obj.run()
           File "/opt/venv/lib/python3.12/site-packages/setuptools/_distutils/command/build.py", line 135, in run
             self.run_command(cmd_name)
           File "/opt/venv/lib/python3.12/site-packages/setuptools/_distutils/cmd.py", line 341, in run_command
             self.distribution.run_command(command)
           File "/opt/venv/lib/python3.12/site-packages/setuptools/dist.py", line 1107, in run_command
             super().run_command(command)
           File "/opt/venv/lib/python3.12/site-packages/setuptools/_distutils/dist.py", line 1019, in run_command
             cmd_obj.run()
           File "/opt/venv/lib/python3.12/site-packages/scikit_build_core/setuptools/build_cmake.py", line 896, in run
             super().run()
           File "/opt/venv/lib/python3.12/site-packages/setuptools/command/build_ext.py", line 97, in run
             _build_ext.run(self)
           File "/opt/venv/lib/python3.12/site-packages/setuptools/_distutils/command/build_ext.py", line 367, in run
             self.build_extensions()
           File "/opt/venv/lib/python3.12/site-packages/torch/utils/cpp_extension.py", line 1184, in build_extensions
             build_ext.build_extensions(self)
           File "/opt/venv/lib/python3.12/site-packages/setuptools/_distutils/command/build_ext.py", line 481, in build_extensions
             self._build_extensions_parallel()
           File "/opt/venv/lib/python3.12/site-packages/setuptools/_distutils/command/build_ext.py", line 504, in _build_extensions_parallel
             fut.result()
           File "/root/.local/share/uv/python/cpython-3.12.15-linux-x86_64-gnu/lib/python3.12/concurrent/futures/_base.py", line 456, in result
             return self.__get_result()
                    ^^^^^^^^^^^^^^^^^^^
           File "/root/.local/share/uv/python/cpython-3.12.15-linux-x86_64-gnu/lib/python3.12/concurrent/futures/_base.py", line 401, in __get_result
             raise self._exception
           File "/root/.local/share/uv/python/cpython-3.12.15-linux-x86_64-gnu/lib/python3.12/concurrent/futures/thread.py", line 59, in run
             result = self.fn(*self.args, **self.kwargs)
                      ^^^^^^^^^^^^^^^^^^^^^^^^^^^^^^^^^^
           File "<string>", line 263, in build_extension
           File "/opt/venv/lib/python3.12/site-packages/setuptools/command/build_ext.py", line 262, in build_extension
             _build_ext.build_extension(self, ext)
           File "/opt/venv/lib/python3.12/site-packages/setuptools/_distutils/command/build_ext.py", line 564, in build_extension
             objects = self.compiler.compile(
                       ^^^^^^^^^^^^^^^^^^^^^^
           File "<string>", line 254, in compile_new
           File "/opt/venv/lib/python3.12/site-packages/torch/utils/cpp_extension.py", line 924, in unix_wrap_ninja_compile
             _write_ninja_file_and_compile_objects(
           File "/opt/venv/lib/python3.12/site-packages/torch/utils/cpp_extension.py", line 2364, in _write_ninja_file_and_compile_objects
             _run_ninja_build(
           File "/opt/venv/lib/python3.12/site-packages/torch/utils/cpp_extension.py", line 2799, in _run_ninja_build
             raise RuntimeError(message) from e
         RuntimeError: Error compiling objects for extension

hint: Build failures usually indicate a problem with the package or the build environment
